Date,Open,High,Low,Close,Volume,Dividends,Stock Splits
2021-05-03,128.60637073689202,130.58359545105438,128.401839986388,129.09336853027344,75135100,0.0,0.0
2021-05-04,127.77848641989287,128.070688075214,123.40524078183631,124.52533721923828,137564700,0.0,0.0
2021-05-05,125.84021547722773,127.05770985077288,124.64220517501703,124.76882934570312,84000900,0.0,0.0
2021-05-06,124.56430537762937,126.37593791446682,123.82406658932013,126.36620330810547,78128300,0.0,0.0
2021-05-07,127.66378295557222,128.06378806137542,126.32713259923071,127.03936767578125,78973300,0.22,0.0
2021-05-10,126.25889234153651,126.3857167405833,123.72219593923793,123.76122283935547,88071200,0.0,0.0
2021-05-11,120.49275831659119,123.19530516720471,119.78053064001386,122.84407806396484,126142800,0.0,0.0
2021-05-12,120.39522003263365,121.60502403427476,119.27322096428664,119.78055572509766,112172300,0.0,0.0
2021-05-13,121.54646856304096,123.07823863645709,121.23426088704589,121.92697143554688,105861300,0.0,0.0
2021-05-14,123.17580356771927,124.7758688561986,122.78554210729591,124.3465805053711,81918000,0.0,0.0
2021-05-17,123.73195358559416,123.83927569919736,122.12212932516609,123.19534301757812,74244600,0.0,0.0
2021-05-18,123.47825894714309,123.8977887358132,121.74160317568686,121.80989837646484,63342900,0.0,0.0
2021-05-19,120.16105011854478,121.87818865261369,119.86835215925528,121.65379333496094,92612000,0.0,0.0
2021-05-20,122.18063773268084,124.61000384937135,122.05379848438088,124.2099838256836,76857100,0.0,0.0
2021-05-21,124.70758107227505,124.8831983677244,122.16113401006866,122.37577819824219,79295400,0.0,0.0
2021-05-24,122.94165678285485,124.82466155300955,122.87336158160026,124.00511169433594,63092900,0.0,0.0
2021-05-25,124.70758616767343,125.19541862484827,123.24411112700588,123.80998992919922,72009500,0.0,0.0
2021-05-26,123.86854495377364,124.28807482551193,123.34169296761718,123.76122283935547,56575900,0.0,0.0
2021-05-27,123.36120412853428,124.53198130053191,122.03431936367312,122.22944641113281,94625600,0.0,0.0
2021-05-28,122.51236002849775,122.736762785055,121.51720038633076,121.57573699951172,71311100,0.0,0.0
2021-06-01,122.03430717883234,122.2977294109628,120.92206674340329,121.2537841796875,67637100,0.0,0.0
2021-06-02,121.25375721746093,122.19038014199401,121.02936192954658,122.01476287841797,59278900,0.0,0.0
2021-06-03,121.64401659774775,121.80987527623792,120.13175643979874,120.53177642822266,76229200,0.0,0.0
2021-06-04,121.04889463757115,123.08800699874061,120.83425044759345,122.82457733154297,75169300,0.0,0.0
2021-06-07,123.09774990370911,123.24409888195902,121.79038257021139,122.8343276977539,71057600,0.0,0.0
2021-06-08,123.51727923465421,125.33199613747028,123.13677635872094,123.65386962890625,74403800,0.0,0.0
2021-06-09,124.11243947005046,124.63929137968418,123.43923856713752,124.03438568115234,56877900,0.0,0.0
2021-06-10,123.9270603510902,125.06857651400928,122.87336400291547,123.03922271728516,71186400,0.0,0.0
2021-06-11,123.4489755912786,124.33682053678962,123.02944585374593,124.24900817871094,53522400,0.0,0.0
2021-06-14,124.70756306020407,127.36132438958391,123.97582567545629,127.30278778076172,96906500,0.0,0.0
2021-06-15,126.77596672295411,127.41989931286103,126.23935623136502,126.48326873779297,62746300,0.0,0.0
2021-06-16,127.19551735224188,127.70285964677515,125.33203670334922,126.98087310791016,91815000,0.0,0.0
2021-06-17,126.63936820067508,129.32240559947226,126.49301177385304,128.58090209960938,96721700,0.0,0.0
2021-06-18,127.52719951288445,128.3077074896389,127.06864288856177,127.28328704833984,108953300,0.0,0.0
2021-06-21,127.12716125698881,129.18578275784907,126.06370663710283,129.07846069335938,79663300,0.0,0.0
2021-06-22,128.91263161271146,130.8151460223462,128.4150406144124,130.7175750732422,74783600,0.0,0.0
2021-06-23,130.51269961588608,131.04931007255976,129.98584029942936,130.44439697265625,60214200,0.0,0.0
2021-06-24,131.1761533209972,131.36152922245495,129.69316099657445,130.16148376464844,68711000,0.0,0.0
2021-06-25,130.2102425761428,130.6297648884673,129.57606120699057,129.86875915527344,70783700,0.0,0.0
2021-06-28,130.1614570490265,131.95664929646315,130.10292043684166,131.4980926513672,62111300,0.0,0.0
2021-06-29,131.51764764633526,133.16649883756983,131.0786080414317,133.01039123535156,64556100,0.0,0.0
2021-06-30,132.854213168593,134.06402411325243,132.56151529148786,133.62498474121094,63261400,0.0,0.0
2021-07-01,133.27377610064684,133.98599632611845,132.45421890843855,133.92745971679688,52485800,0.0,0.0
2021-07-02,134.5421050302235,136.59097561940857,134.3957635112395,136.5519561767578,78852600,0.0,0.0
2021-07-06,136.65929888430668,139.66428770082487,136.65929888430668,138.5618133544922,108181800,0.0,0.0
2021-07-07,140.0447648918188,141.36189806872017,139.18620319634806,141.04969787597656,104911600,0.0,0.0
2021-07-08,138.1325533693018,140.55216163148216,137.24470813835896,139.75213623046875,105575500,0.0,0.0
2021-07-09,139.27403406481795,142.10341304013653,139.17646311232951,141.57656860351562,99890800,0.0,0.0
2021-07-12,142.64976728517905,142.7570893612842,140.49357462424308,140.9813995361328,76299700,0.0,0.0
2021-07-13,140.52284633857775,143.8693330567253,140.13259235448814,142.09364318847656,100827100,0.0,0.0
2021-07-14,144.49375275658443,145.92795926693185,144.08396670742601,145.51817321777344,127050800,0.0,0.0
2021-07-15,145.60602078776031,146.34750947636803,143.50836421958925,144.86451721191406,106820300,0.0,0.0
2021-07-16,144.8449961921481,146.1133292004128,142.32781756831105,142.8253936767578,93251400,0.0,0.0
2021-07-19,140.2496710710599,140.56188618036083,138.22031752231123,138.9813232421875,121434600,0.0,0.0
2021-07-20,139.96673149730913,143.51809629152285,139.4789065811411,142.59121704101562,96350000,0.0,0.0
2021-07-21,141.98632105555998,142.57171691870616,141.108242148076,141.85948181152344,74993500,0.0,0.0
2021-07-22,142.38634335455993,144.59130668501456,142.25950410848452,143.22540283203125,77338200,0.0,0.0
2021-07-23,143.9571344380385,145.09864294509043,143.3424702853048,144.94253540039062,71447400,0.0,0.0
2021-07-26,144.65960672609336,146.1816181027515,144.10347916841854,145.36207580566406,72434100,0.0,0.0
2021-07-27,145.48895126026883,145.57677109148528,142.0058878307222,143.19618225097656,104818600,0.0,0.0
2021-07-28,141.28387882976534,143.391286472983,139.06914908747908,141.44973754882812,118931200,0.0,0.0
2021-07-29,141.16677881083731,142.98148812260095,141.0594567321274,142.09364318847656,56699500,0.0,0.0
2021-07-30,140.8643158519786,142.7668298895043,140.6008862507108,142.3082733154297,70440600,0.0,0.0
2021-08-02,142.7961201026742,143.37174997131473,141.71314811709883,141.97657775878906,62880000,0.0,0.0
2021-08-03,142.25946862805236,144.43516311097045,141.6448046038933,143.771728515625,64786600,0.0,0.0
2021-08-04,143.6839649919127,144.191292221281,142.7180662311683,143.3717498779297,56368300,0.0,0.0
2021-08-05,143.40102641721816,144.24008597517638,142.61075233452527,143.4790802001953,46397700,0.0,0.0
2021-08-06,143.00027443873307,143.74287381363573,142.29675296375655,142.79507446289062,54126800,0.22,0.0
2021-08-09,142.85375976308137,143.34231572322156,142.18933081387217,142.74627685546875,48908700,0.0,0.0
2021-08-10,143.0882569205625,144.32919310328901,141.9743500451473,142.26748657226562,69023100,0.0,0.0
2021-08-11,142.70713794603233,143.36180086367284,142.19903578997616,142.521484375,48493500,0.0,0.0
2021-08-12,142.84396383015653,145.6385039280885,142.50196876649986,145.48216247558594,72282600,0.0,0.0
2021-08-13,145.56031813141018,146.01956178212575,144.87634298445295,145.68734741210938,59375000,0.0,0.0
2021-08-16,145.14019753721752,147.72955306203514,143.11758362273994,147.66114807128906,103296000,0.0,0.0
2021-08-17,146.7915040599331,148.20831321235303,145.67759718518755,146.75242614746094,92229700,0.0,0.0
2021-08-18,146.37135309386304,147.27029417589944,142.80488601790597,143.0100860595703,86326000,0.0,0.0
2021-08-19,141.71054055666755,144.61256415166383,141.19267243186096,143.34231567382812,86960300,0.0,0.0
2021-08-20,144.0653382889344,145.10107421090675,143.42044104748524,144.7981719970703,60549600,0.0,0.0
2021-08-23,144.91542102572143,146.75239563031982,144.50503593715925,146.28338623046875,60131800,0.0,0.0
2021-08-24,146.02935786837372,147.40708910674365,145.7362213417673,146.19546508789062,48606400,0.0,0.0
2021-08-25,146.3811188443998,146.8794554129226,144.41712946066949,144.9643096923828,58991300,0.0,0.0
2021-08-26,144.95452843061085,145.70689371393732,144.13374326132688,144.16305541992188,48597200,0.0,0.0
2021-08-27,144.1044769351318,145.34541337865105,143.46936008418646,145.1988525390625,55802400,0.0,0.0
2021-08-30,145.5896753840009,149.97691325126357,145.20860233340446,149.61537170410156,90956700,0.0,0.0
2021-08-31,149.1658935130071,149.30268857096087,147.82724018566304,148.35488891601562,86453100,0.0,0.0
2021-09-01,149.3319546921016,151.4327384864577,148.8531646821077,149.01927185058594,80313700,0.0,0.0
2021-09-02,150.34819027947748,151.17874128646721,148.91183471793337,150.1332244873047,71115500,0.0,0.0
2021-09-03,150.24072279818162,151.09082030337387,149.5860596037749,150.76837158203125,57808700,0.0,0.0
2021-09-07,151.4230043452141,153.66058362239795,150.8562777588282,153.1036376953125,82278300,0.0,0.0
2021-09-08,153.38700877891932,153.4456331023822,150.45567332943037,151.559814453125,74420200,0.0,0.0
2021-09-09,151.9310910707807,152.5368955037672,150.42633082753412,150.54359436035156,57305700,0.0,0.0
2021-09-10,151.45229981917254,151.92130921813492,145.296493683324,145.56031799316406,140893200,0.0,0.0
2021-09-13,147.18234237769772,147.95425407222461,145.34536758274155,146.12705993652344,102404300,0.0,0.0
2021-09-14,146.90872098150533,147.6122424590222,143.5474550132665,144.72975158691406,109296300,0.0,0.0
2021-09-15,145.1597442426009,146.0196075020286,143.01986675532632,145.61898803710938,83281300,0.0,0.0
2021-09-16,145.04246503666727,145.56033305169905,143.8503875542624,145.3844451904297,68034100,0.0,0.0
2021-09-17,145.41377207009813,145.41377207009813,142.42379770872697,142.71693420410156,129868800,0.0,0.0
2021-09-20,140.50865153615536,141.5248410433877,138.03656037257468,139.6683349609375,123478900,0.0,0.0
2021-09-21,140.63571172252995,141.2903898304163,139.51203897648207,140.14715576171875,75834000,0.0,0.0
2021-09-22,141.14378392401113,143.0784609405733,140.4109501394529,142.51174926757812,76404300,0.0,0.0
2021-09-23,143.29345719409983,143.71362307292674,142.30657952171666,143.46934509277344,64838200,0.0,0.0
2021-09-24,142.32609558654582,144.09466540021555,142.2283784515029,143.5572509765625,53477900,0.0,0.0
2021-09-27,142.14044174425882,142.61923184992318,140.52821338546616,142.042724609375,74150700,0.0,0.0
2021-09-28,139.97125238193445,141.43691994614318,138.44696050068399,138.66192626953125,108972300,0.0,0.0
2021-09-29,139.2091217179658,141.14379894035906,138.77919013309102,139.56088256835938,74602000,0.0,0.0
2021-09-30,140.37187163149707,141.075393254431,138.04634099404652,138.2613067626953,89056700,0.0,0.0
2021-10-01,138.65214546670163,139.64880358400276,135.9260103602956,139.38497924804688,94639600,0.0,0.0
2021-10-04,138.51535016597074,138.95506236159227,135.1052398519007,135.955322265625,98322000,0.0,0.0
2021-10-05,136.29731756814027,138.9843747661612,136.17028827499877,137.88023376464844,80861100,0.0,0.0
2021-10-06,136.27775625309343,138.8964081885175,135.20292752763442,138.74984741210938,83221100,0.0,0.0
2021-10-07,139.7855986818326,140.9190518423827,139.45338427911526,140.0103302001953,61732700,0.0,0.0
2021-10-08,140.73342896287608,140.8799897873894,139.29707324446653,139.62928771972656,58773200,0.0,0.0
2021-10-11,139.0137022391212,141.49555969160025,138.56422424355534,139.5413360595703,64452200,0.0,0.0
2021-10-12,139.95173660619236,139.9712830193318,137.8118591085372,138.27110290527344,73035900,0.0,0.0
2021-10-13,138.00727840066958,138.163604960137,136.01396194464323,137.68482971191406,78762700,0.0,0.0
2021-10-14,138.85736070158842,140.58685278975153,138.27108764845218,140.46958923339844,69907100,0.0,0.0
2021-10-15,140.47938508226497,141.5835114147044,140.2253264406504,141.52488708496094,67940300,0.0,0.0
2021-10-18,140.1666871499396,143.47909561279081,139.88333128324254,143.19573974609375,85589200,0.0,0.0
2021-10-19,143.64520263819782,145.75576773810008,143.19573955238386,145.3551483154297,76378900,0.0,0.0
2021-10-20,145.29650879090318,146.32247907181252,144.7297822080243,145.84368896484375,58418800,0.0,0.0
2021-10-21,145.40403729732907,146.2150420630002,144.48554961308596,146.05870056152344,61421000,0.0,0.0
2021-10-22,146.26385487822307,146.74263007605518,145.23788459644618,145.2867431640625,58883400,0.0,0.0
2021-10-25,145.27697769272697,145.95118723150932,144.24124155296286,145.23789978027344,50720600,0.0,0.0
2021-10-26,145.912078981119,147.387512149544,145.5993961083312,145.90231323242188,60893400,0.0,0.0
2021-10-27,145.94140632392705,146.30293288736218,145.09132390307514,145.44308471679688,56094900,0.0,0.0
2021-10-28,146.39089965518153,149.66421529809745,146.29318250961379,149.0779571533203,100077900,0.0,0.0
2021-10-29,143.85038787675046,146.50813293434493,143.05892977311782,146.371337890625,124953200,0.0,0.0
2021-11-01,145.57992557122589,146.27366675771924,144.417159879151,145.5506134033203,74588300,0.0,0.0
2021-11-02,145.25743118168475,148.10082985163274,145.2476505224247,146.5863037109375,69122000,0.0,0.0
2021-11-03,146.94783044977856,148.49166875101167,146.39088452432864,148.0226593017578,54511500,0.0,0.0
2021-11-04,148.11059575284676,148.94113176601576,147.192108353955,147.50479125976562,60394600,0.0,0.0
2021-11-05,148.6300964838691,148.93344079375584,146.83937063089465,148.03318786621094,65463900,0.22,0.0
2021-11-08,148.16041026715402,148.31697989696048,146.93723803048172,147.2112274169922,55020900,0.0,0.0
2021-11-09,146.97639448653322,148.17999196283563,146.83939977322487,147.57330322265625,56787900,0.0,0.0
2021-11-10,146.80022003816552,146.90785977516097,144.67679516407316,144.7452850341797,65187100,0.0,0.0
2021-11-11,145.76298280044355,146.22288178403127,144.5104408038777,144.6963653564453,41000000,0.0,0.0
2021-11-12,145.24432757919843,147.1720478294866,144.31471985327795,146.77085876464844,63804000,0.0,0.0
2021-11-15,147.14273967083543,148.620341460146,146.22291165316477,146.7806854248047,59222800,0.0,0.0
2021-11-16,146.72193826652372,148.23867461686362,146.1348097014568,147.75918579101562,59256200,0.0,0.0
2021-11-17,147.7592057993934,151.6733569463972,147.7494257967945,150.19577026367188,88807000,0.0,0.0
2021-11-18,150.411059635024,155.2645990140686,149.7652210699027,154.4817657470703,137827700,0.0,0.0
2021-11-19,154.26649442831288,157.56417731455713,153.17053675502055,157.10426330566406,117305600,0.0,0.0
2021-11-22,158.21000213967926,162.14372871908944,157.54460352782965,157.56417846679688,117467900,0.0,0.0
2021-11-23,157.66203166951047,158.3274452479913,155.6462458566702,157.94581604003906,96041900,0.0,0.0
2021-11-24,157.29995411244806,158.66012108108276,156.2137765381209,158.46441650390625,69463600,0.0,0.0
2021-11-26,156.14524650358064,157.00634940799142,153.0041343483588,153.44447326660156,76959800,0.0,0.0
2021-11-29,155.94953492440175,157.73048055072377,155.38198131594635,156.80087280273438,88748200,0.0,0.0
2021-11-30,156.55627065978888,161.9675835913138,156.48776584559891,161.75230407714844,174048100,0.0,0.0
2021-12-01,163.8854710804495,166.64495424601967,160.99878818170458,161.233642578125,152052500,0.0,0.0
2021-12-02,155.33309702351337,160.6759050938818,154.4132690949476,160.24534606933594,136739200,0.0,0.0
2021-12-03,160.49978216462458,161.41961013164072,156.29206642790317,158.36656188964844,118023100,0.0,0.0
2021-12-06,160.76395823883925,164.27692006238982,160.75417823673777,161.77186584472656,107497000,0.0,0.0
2021-12-07,165.4511829707639,167.89752761795768,164.72705957992557,167.506103515625,120405400,0.0,0.0
2021-12-08,168.43574938085717,172.1835516828611,167.03643228768738,171.3224334716797,116998900,0.0,0.0
2021-12-09,171.15603176332104,172.9565375380552,170.18727407030087,170.81353759765625,108923700,0.0,0.0
2021-12-10,171.4496116481563,175.77474686026093,170.9407678198788,175.59860229492188,115402700,0.0,0.0
2021-12-13,177.232738467209,178.22107107247726,171.7627164613835,171.9682159423828,153237000,0.0,0.0
2021-12-14,171.48873864529648,173.92530298904865,168.51399049049428,170.58848571777344,139380400,0.0,0.0
2021-12-15,171.35175229088827,175.6475325738547,168.611843504033,175.4518280029297,131063300,0.0,0.0
2021-12-16,175.4322831196354,177.25236431050817,167.08535557027756,168.5629425048828,150185800,0.0,0.0
2021-12-17,166.28289706807027,169.74692873915046,166.04805758616632,167.46693420410156,195432700,0.0,0.0
2021-12-20,164.66834446331637,166.91898445345717,163.8659512088188,166.10679626464844,107499100,0.0,0.0
2021-12-21,167.87792030585337,169.48272148768493,165.49028600162353,169.27723693847656,91185900,0.0,0.0
2021-12-22,169.32617236411534,172.08565609490324,168.45527432954148,171.87037658691406,92135300,0.0,0.0
2021-12-23,172.07584853415432,173.05438616600892,171.5082949159227,172.49661254882812,68356600,0.0,0.0
2021-12-27,173.28927903509933,176.54781214494253,173.26971902697096,176.45974731445312,74919600,0.0,0.0
2021-12-28,176.29336988152778,177.43825729141835,174.69834852343934,175.44203186035156,79144300,0.0,0.0
2021-12-29,175.48117571727812,176.7532777728696,174.316713410959,175.5301055908203,62348900,0.0,0.0
2021-12-30,175.6181743920382,176.69457190920295,174.26778749437727,174.37542724609375,59773000,0.0,0.0
2021-12-31,174.2677857929612,175.38331824017646,173.45559766181222,173.7589569091797,64062300,0.0,0.0
2022-01-03,174.0133573614573,178.95497562988,173.89593761791699,178.1036376953125,104487900,0.0,0.0
2022-01-04,178.71035458130368,179.01369889567948,175.2756775127618,175.84323120117188,99310400,0.0,0.0
2022-01-05,175.75520858897764,176.30318747314612,170.89187359502515,171.16586303710938,94537600,0.0,0.0
2022-01-06,168.99346035254746,171.53766438344002,167.95621276391145,168.30848693847656,96904000,0.0,0.0
2022-01-07,169.1793712904695,170.40254333546721,167.35929069026096,168.47482299804688,86709100,0.0,0.0
2022-01-10,165.45119229098708,168.79779016511287,164.56071920573362,168.49444580078125,106765600,0.0,0.0
2022-01-11,168.62167398838997,171.42027831211996,167.15386700004245,171.3224334716797,76138300,0.0,0.0
2022-01-12,172.3400748149154,173.37732250749067,171.0679876032979,171.7627410888672,74805200,0.0,0.0
2022-01-13,172.00739332853072,172.8293615927784,168.1030216763988,168.49444580078125,84505800,0.0,0.0
2022-01-14,167.6626336785782,170.05026788105346,167.41799927146064,169.3555145263672,80440800,0.0,0.0
2022-01-18,167.82900716362772,168.83689986985863,165.77408681023036,166.1557159423828,90956700,0.0,0.0
2022-01-19,166.35146124273905,167.4082840823907,162.3785993220683,162.66236877441406,94815000,0.0,0.0
2022-01-20,163.3962376065405,166.03828667936338,160.65632878123083,160.979248046875,91420500,0.0,0.0
2022-01-21,160.89118731707072,162.76019814543096,158.81669190708894,158.92433166503906,122848900,0.0,0.0
2022-01-24,156.58563920962845,158.8167044309835,151.3798104055977,158.1512908935547,162294600,0.0,0.0
2022-01-25,155.56795099632697,159.26682305990172,153.65002507588994,156.3507843017578,115798400,0.0,0.0
2022-01-26,159.99095298775666,160.8618511560036,154.43286466260852,156.26272583007812,108275300,0.0,0.0
2022-01-27,158.96343730234798,160.32360403043404,154.8829371180898,155.80276489257812,121954600,0.0,0.0
2022-01-28,162.15352186578443,166.6939371213685,159.3059729952558,166.6743621826172,179935700,0.0,0.0
2022-01-31,166.5080140130585,171.24413390438698,165.8719554140601,171.0288543701172,115541600,0.0,0.0
2022-02-01,170.27537434014533,171.08756258764447,168.61186289898112,170.8625030517578,86213900,0.0,0.0
2022-02-02,170.99946801633135,172.10522042730014,169.60994623393472,172.06607055664062,84914300,0.0,0.0
2022-02-03,170.7352545735362,172.45749049022623,168.42590499267487,169.1891632080078,89418100,0.0,0.0
2022-02-04,168.20940619823992,170.580497991328,167.22962163757825,168.90505981445312,82465400,0.22,0.0
2022-02-07,169.36557317059368,170.43353483823722,167.49418092340588,168.18983459472656,77251200,0.0,0.0
2022-02-08,168.25837758980256,171.80520742660315,167.96443926792173,171.29571533203125,74829200,0.0,0.0
2022-02-09,172.49103867215615,173.0789003149091,171.36427769381476,172.7163848876953,71285000,0.0,0.0
2022-02-10,170.6196718007765,171.93257943938036,168.08203354026793,168.6405029296875,90865900,0.0,0.0
2022-02-11,168.8462728505392,169.58111126110254,164.64298876993468,165.23086547851562,98670700,0.0,0.0
2022-02-14,163.98651932384257,166.1518495458794,163.19289630795137,165.46600341796875,86185500,0.0,0.0
2022-02-15,167.51378153621621,169.45375094241317,166.80833539753965,169.29698181152344,62527400,0.0,0.0
2022-02-16,168.37596721528965,169.83583650795123,166.612352178537,169.0618133544922,61177400,0.0,0.0
2022-02-17,167.57253401447812,168.43474911832254,165.06428820364812,165.46600341796875,69589300,0.0,0.0
2022-02-18,166.38698369504047,167.09241466512012,162.83036175887298,163.9179229736328,82772700,0.0,0.0
2022-02-22,161.64484588368407,163.32028399061443,158.87205389872815,160.99819946289062,91162800,0.0,0.0
2022-02-23,162.19352949330056,162.7911986729469,156.52058346872764,156.83412170410156,90009200,0.0,0.0
2022-02-24,149.49552020889521,159.55791116992768,148.9272434071185,159.45013427734375,141147500,0.0,0.0
2022-02-25,160.5278794584224,161.78200234869726,157.61791846840168,161.51747131347656,91974200,0.0,0.0
2022-02-28,159.76367431641097,162.07596656799925,159.1464052349538,161.7820281982422,95056600,0.0,0.0
2022-03-01,161.3704791343853,163.232078365881,158.69567205028895,159.9008026123047,83474400,0.0,0.0
2022-03-02,161.06678613054137,163.97674752234462,159.65589394659725,163.1929168701172,79724800,0.0,0.0
2022-03-03,165.06432138955572,165.4954290281514,162.20335200198932,162.86959838867188,76678400,0.0,0.0
2022-03-04,161.16475211398938,162.2033212553789,158.82306783943153,159.87142944335938,83737200,0.0,0.0
2022-03-07,160.05757297165496,161.6840185904636,155.82489737817548,156.07965087890625,96418800,0.0,0.0
2022-03-08,155.60935508972088,159.5872770933945,152.65040221518476,154.2572479248047,131148300,0.0,0.0
2022-03-09,158.21559935544633,160.10659124427465,156.1874531828048,159.6558837890625,91454900,0.0,0.0
2022-03-10,156.961460328922,157.14762175986647,152.82676890064815,155.3154296875,105342000,0.0,0.0
2022-03-11,155.71714267170483,156.06007322521145,151.37670453340775,151.60205078125,96970100,0.0,0.0
2022-03-14,148.38832650780375,151.0043487465107,147.06562669739512,147.57510375976562,108732100,0.0,0.0
2022-03-15,147.84947354452075,152.42508026860065,147.33999637401098,151.95477294921875,92964300,0.0,0.0
2022-03-16,153.8751991198654,156.7655611637564,151.33756018660605,156.3638458251953,102300200,0.0,0.0
2022-03-17,155.40363939181822,157.74532403885397,154.4434546489776,157.3730010986328,75615400,0.0,0.0
2022-03-18,157.26518605483486,161.15493125437885,156.53034776701656,160.6650390625,123511700,0.0,0.0
2022-03-21,160.20458149296203,162.98718123956166,159.71468917177347,162.0367889404297,95811400,0.0,0.0
2022-03-22,162.1641422669517,165.99510360566663,161.57628048257416,165.40724182128906,81532000,0.0,0.0
2022-03-23,164.5940116285297,169.15000379737148,164.2608735199057,166.76913452148438,98062700,0.0,0.0
2022-03-24,167.60191066747961,170.6196482982035,166.76910292949728,170.5510711669922,90131400,0.0,0.0
2022-03-25,170.36494232979024,171.73663471959298,169.25778100424003,171.18795776367188,80546200,0.0,0.0
2022-03-28,168.6895171187773,172.17754799227433,168.5229555265403,172.05018615722656,90371900,0.0,0.0
2022-03-29,173.11812439551318,175.39121664425457,172.7751938429614,175.3422393798828,100589400,0.0,0.0
2022-03-30,174.94053078604693,175.979099995584,173.12792342578476,174.17630004882812,92633200,0.0,0.0
2022-03-31,174.2448849220912,174.43104638306448,170.87442359799343,171.08018493652344,103049300,0.0,0.0
2022-04-01,170.51188591642043,171.34470867552832,168.46414001265768,170.78622436523438,78751300,0.0,0.0
2022-04-04,171.0409871856376,174.8817406281064,170.9136104166494,174.83274841308594,76468400,0.0,0.0
2022-04-05,173.91176443413826,174.6955950948926,170.89402610794616,171.52108764648438,73401800,0.0,0.0
2022-04-06,168.87566890286308,170.11999949152553,166.69075350018778,168.35638427734375,89058800,0.0,0.0
2022-04-07,167.69989546465595,169.85541807711806,166.41638033883945,168.6600799560547,77594700,0.0,0.0
2022-04-08,168.30738857225097,168.30738857225097,165.77954264267717,166.65155029296875,76575500,0.0,0.0
2022-04-11,165.29946088886413,165.61298417615765,162.1543458504195,162.3992919921875,72246700,0.0,0.0
2022-04-12,164.62342926631288,166.43602198876223,163.27132159796375,164.2707061767578,79265200,0.0,0.0
2022-04-13,164.00614545081112,167.58235330112555,163.39868377604554,166.95529174804688,70618900,0.0,0.0
2022-04-14,167.17081545269417,167.80768430539896,161.70361651341247,161.9485626220703,75329400,0.0,0.0
2022-04-18,160.60628625032533,163.23211669383912,160.2633706181813,161.73304748535156,69023900,0.0,0.0
2022-04-19,161.68402299396155,164.4274222551572,160.59646173132168,164.01589965820312,67723800,0.0,0.0
2022-04-20,165.34843439183405,165.4660187034269,162.74221886501599,163.849365234375,67929800,0.0,0.0
2022-04-21,165.49540922825548,168.06243992326603,162.55605562621574,163.0557403564453,87227800,0.0,0.0
2022-04-22,163.09492410815207,164.47640880332085,158.23518671810965,158.51931762695312,84882400,0.0,0.0
2022-04-25,157.862880430984,159.87144172970685,155.2566649146805,159.58731079101562,96046400,0.0,0.0
2022-04-26,158.97005703556184,159.0582340646371,153.55184919980582,153.63023376464844,95623200,0.0,0.0
2022-04-27,152.7582001127346,156.55975368530983,152.2389155403168,153.4048614501953,88063200,0.0,0.0
2022-04-28,156.0306565149034,161.19412418503478,155.71711834920524,160.3319091796875,130216800,0.0,0.0
2022-04-29,158.56829627206238,162.84015665375182,154.07108967503086,154.46299743652344,131747600,0.0,0.0
2022-05-02,153.54203875876948,155.03130046543404,150.17157761678854,154.7667694091797,123055300,0.0,0.0
2022-05-03,154.95291204808,157.46117291588328,153.15991957685017,156.2560272216797,88966500,0.0,0.0
2022-05-04,156.44219580516028,163.1145261346623,156.04048055543203,162.66383361816406,108256500,0.0,0.0
2022-05-05,160.53770657596968,160.76305283929582,151.8176149978829,153.600830078125,130525300,0.0,0.0
2022-05-06,153.0807759379822,156.44638259515347,151.28513392702433,154.32693481445312,116124600,0.23,0.0
2022-05-09,152.0210492953049,152.90416000742098,148.6456508199546,149.20494079589844,131577900,0.0,0.0
2022-05-10,152.59999379126018,153.79708852885074,150.05861170075954,151.60894775390625,115366700,0.0,0.0
2022-05-11,150.61789721596364,152.53128118939546,143.07228159830737,143.74932861328125,142689800,0.0,0.0
2022-05-12,140.08936442340104,143.45495579096956,136.19390367446763,139.88330078125,182602000,0.0,0.0
2022-05-13,141.8751960845671,145.31930242919321,140.422988536555,144.34788513183594,113990900,0.0,0.0
2022-05-16,142.81717961196202,144.75019240669823,141.47289233038416,142.80735778808594,86643800,0.0,0.0
2022-05-17,146.06504198237434,146.9579596403424,143.92596533868675,146.4379119873047,78336300,0.0,0.0
2022-05-18,144.09277542323014,144.59319436014727,137.27325546059197,138.17599487304688,109742900,0.0,0.0
2022-05-19,137.25364468817165,139.00022255113117,134.03523053806913,134.77114868164062,136095600,0.0,0.0
2022-05-20,136.47845848613497,138.0582299092985,130.1201304167111,135.00662231445312,137426100,0.0,0.0
2022-05-23,135.20286921997902,140.5701665253798,135.06549843768857,140.42298889160156,117726300,0.0,0.0
2022-05-24,138.1661572066265,139.3043807072169,134.75150167714628,137.724609375,104132700,0.0,0.0
2022-05-25,135.83079232626383,139.12770462322325,135.74248578484276,137.88156127929688,92482700,0.0,0.0
2022-05-26,134.8103917996885,141.62989697300142,134.56508575048807,141.08041381835938,90601500,0.0,0.0
2022-05-27,142.6601657784012,146.869610416665,142.5326018592053,146.8303680419922,90978500,0.0,0.0
2022-05-31,146.2710719434681,147.8312145429356,144.08293159739236,146.04537963867188,103718400,0.0,0.0
2022-06-01,147.08550619630913,148.8909701597807,144.90718720632282,145.91786193847656,74286600,0.0,0.0
2022-06-02,145.05435330119587,148.429766433254,144.1025647736461,148.3708953857422,72348100,0.0,0.0
2022-06-03,144.14179449565412,145.19171132509297,141.74762059734428,142.6503448486328,88570300,0.0,0.0
2022-06-06,144.26933043091793,145.7804234287984,142.17931899917454,143.3960418701172,71598400,0.0,0.0
2022-06-07,141.63972369363694,146.20241037757677,141.39441763595644,145.91786193847656,67808200,0.0,0.0
2022-06-08,145.79025407304024,147.0560263615052,144.69128805686674,145.18190002441406,53950200,0.0,0.0
2022-06-09,144.3184132523197,145.17207325562853,139.85384150532468,139.96177673339844,69473000,0.0,0.0
2022-06-10,137.6461172993445,138.11710068108783,134.48657445941151,134.55526733398438,91437900,0.0,0.0
2022-06-13,130.37525676148604,132.6615109809625,128.97211331960065,129.4038543701172,122207100,0.0,0.0
2022-06-14,130.63035125622758,131.37607607962988,129.0113227305463,130.2672882080078,84784300,0.0,0.0
2022-06-15,131.76856647591572,134.76130271815364,129.67856950370555,132.8871612548828,91533000,0.0,0.0
2022-06-16,129.60007296838003,129.9042500251396,126.61714350302216,127.61799621582031,108123900,0.0,0.0
2022-06-17,127.62782938306579,130.58130861525225,127.37270152778396,129.08984375,134520300,0.0,0.0
2022-06-21,130.91491273074396,134.48656772231706,130.8167993077871,133.31890869140625,81000500,0.0,0.0
2022-06-22,132.2592024365102,135.17343948860204,131.395735327504,132.80870056152344,73409200,0.0,0.0
2022-06-23,134.25110181028134,135.98785785879153,133.08344262037107,135.6738739013672,72433800,0.0,0.0
2022-06-24,137.273219436367,139.24548908371264,137.14567050883647,139.00018310546875,89116800,0.0,0.0
2022-06-27,140.0206493871563,140.7958246628887,138.3231362099494,139.00018310546875,70207900,0.0,0.0
2022-06-28,139.46137923230657,140.72715167094702,134.74169394010806,134.85943603515625,67083400,0.0,0.0
2022-06-29,134.87907356263912,138.02879459026983,134.1038981265762,136.61582946777344,66242400,0.0,0.0
2022-06-30,134.67300165333307,135.77196780465343,131.2583461315228,134.1529541015625,98964500,0.0,0.0
2022-07-01,133.48571986150768,136.4293921589786,133.11286488498627,136.3214569091797,71051600,0.0,0.0
2022-07-05,135.18325151505502,138.951148551157,134.35901187342057,138.90208435058594,73353800,0.0,0.0
2022-07-06,138.6960126584971,141.41399224615117,138.43107799720204,140.2365264892578,74064300,0.0,0.0
2022-07-07,140.59958423477383,143.79838414491758,140.58977738452884,143.60214233398438,66253700,0.0,0.0
2022-07-08,142.5326123028861,144.7796239540416,142.2774994180926,144.27919006347656,64547800,0.0,0.0
2022-07-11,142.93491514840724,143.88670373849325,141.08040216848238,142.14993286132812,63141600,0.0,0.0
2022-07-12,143.0231790018653,145.6626734804045,142.32651847225287,143.12130737304688,77588800,0.0,0.0
2022-07-13,140.30525550924634,143.70028289937923,139.45158026337106,142.75831604003906,71185600,0.0,0.0
2022-07-14,141.3747693527097,146.1533259024835,140.56035155748177,145.68234252929688,78140700,0.0,0.0
2022-07-15,146.96772607988603,148.0274497717396,145.41739039952375,147.35040283203125,76259900,0.0,0.0
2022-07-18,147.9097302753274,148.7241480973096,143.9455764182645,144.3086395263672,81420900,0.0,0.0
2022-07-19,145.1426536934173,148.39050276940443,144.1516228338136,148.16482543945312,82982400,0.0,0.0
2022-07-20,148.28261602365345,150.83380527169302,147.54669777582993,150.16656494140625,64823400,0.0,0.0
2022-07-21,151.59913522400217,152.6490522792443,149.08720372847873,152.4331817626953,65086600,0.0,0.0
2022-07-22,152.47243287549966,153.34572184345396,150.5296130875675,151.19683837890625,66675400,0.0,0.0
2022-07-25,151.11829629325123,152.1289557716175,149.4207830391442,150.0782012939453,53623900,0.0,0.0
2022-07-26,149.4011670445513,150.21558479499407,147.96858832963514,148.75357055664062,55138700,0.0,0.0
2022-07-27,149.7151850174758,154.37599980512033,149.30307266450654,153.84613037109375,78620700,0.0,0.0
2022-07-28,154.0325515340952,154.68016301876492,151.51081343985047,154.39561462402344,81378700,0.0,0.0
2022-07-29,158.21256599444197,160.5576907977121,156.5052308137223,159.45870971679688,101786900,0.0,0.0
2022-08-01,157.98689646537588,160.5184565925083,157.86915435741844,158.47750854492188,67829400,0.0,0.0
2022-08-02,157.0939825576486,159.36060780651525,156.63280603827062,157.0056610107422,59907000,0.0,0.0
2022-08-03,157.82008857109244,163.46212742924678,157.73178199101062,163.01077270507812,82507500,0.0,0.0
2022-08-04,162.89300390623217,164.05085610462757,161.3426680652943,162.69676208496094,55474100,0.0,0.0
2022-08-05,160.3680135481735,162.96204234831043,160.16166370349944,162.4707489013672,56697000,0.23,0.0
2022-08-08,163.47299550022427,164.88792318870864,161.34078349494277,161.99911499023438,60276900,0.0,0.0
2022-08-09,161.16395632810153,162.93261628217675,160.4073599879795,162.04827880859375,63135500,0.0,0.0
2022-08-10,164.76019658442047,166.39129475740782,163.99377985120265,166.2930450439453,70170500,0.0,0.0
2022-08-11,167.09876052441393,168.01257432763373,165.26132743753485,165.5561065673828,57149200,0.0,0.0
2022-08-12,166.86294364369544,169.1720142653812,166.45024387983412,169.10324096679688,68039400,0.0,0.0
2022-08-15,168.53333677957454,170.37076978453467,168.36629877849532,170.17425537109375,54091700,0.0,0.0
2022-08-16,169.77141253005902,170.6852264080059,168.6709196812625,170.01705932617188,56377100,0.0,0.0
2022-08-17,169.76158567645695,173.08272003979997,169.56507124556938,171.51058959960938,79542000,0.0,0.0
2022-08-18,170.72446393589678,171.85443280787865,170.10542942714767,171.11749267578125,62290100,0.0,0.0
2022-08-19,170.01704154998163,170.71468497495962,168.32699056998192,168.53334045410156,70346300,0.0,0.0
2022-08-22,166.73522546568063,166.9022634916105,164.22962509055057,164.6521453857422,69026800,0.0,0.0
2022-08-23,164.1706721156108,165.77229405857466,163.74815182078322,164.31805419921875,54147100,0.0,0.0
2022-08-24,164.40647334198977,165.1827105189657,163.35509799580043,164.61280822753906,53841500,0.0,0.0
2022-08-25,165.84104108991514,167.17736007756102,165.41853585512217,167.06927490234375,51218200,0.0,0.0
2022-08-26,167.59986540800332,168.07150295198872,160.71192120457525,160.7708740234375,78961000,0.0,0.0
2022-08-29,158.34387946257124,160.06340660842702,157.03705202563728,158.56988525390625,73314000,0.0,0.0
2022-08-30,159.30686092942906,159.72936621122975,154.9736479587286,156.14292907714844,77906200,0.0,0.0
2022-08-31,157.51850501455607,157.78380767810359,154.4037063115704,154.48231506347656,87991100,0.0,0.0
2022-09-01,153.91243529158203,155.66143904544523,151.97673759886456,155.20945739746094,74229900,0.0,0.0
2022-09-02,156.9682732301626,157.56765189981036,152.2715085702032,153.0968780517578,76957800,0.0,0.0
2022-09-06,153.74540904842692,154.3546082697241,151.01381803326322,151.8391876220703,73714800,0.0,0.0
2022-09-07,152.1241445003408,153.9419216691413,150.93520749298594,153.24429321289062,87449600,0.0,0.0
2022-09-08,151.94727474830393,153.63732582875608,150.0213973567108,151.77041625976562,84923800,0.0,0.0
2022-09-09,152.76283576903634,155.07192172535514,152.0553717736149,154.62974548339844,68028800,0.0,0.0
2022-09-12,156.81106723949068,161.39974706706778,156.52612358553827,160.58419799804688,104956000,0.0,0.0
2022-09-13,157.11565333541313,157.7445084078153,150.6993615052029,151.1611785888672,122656600,0.0,0.0
2022-09-14,152.09465656902455,154.36444545311878,150.93521094229624,152.60560607910156,87965400,0.0,0.0
2022-09-15,151.9570633678186,152.5368010537083,148.7440148881969,149.71676635742188,90481100,0.0,0.0
2022-09-16,148.57699569456918,148.71455728301882,145.78643705402317,148.07586669921875,162278800,0.0,0.0
2022-09-19,146.7100512063952,151.86863255679214,146.50371634850782,151.79002380371094,81474200,0.0,0.0
2022-09-20,150.72880816043332,155.327322151478,150.4143881828448,154.16786193847656,107689800,0.0,0.0
2022-09-21,154.60026528272206,155.97589634819317,150.9253987780384,151.04330444335938,101696800,0.0,0.0
2022-09-22,149.7266360650785,151.78023962875704,148.28223174210513,150.0803680419922,86652500,0.0,0.0
2022-09-23,148.55730721256865,148.83243032919978,145.97309901733465,147.81053161621094,96029900,0.0,0.0
2022-09-26,147.05398109807987,151.09241446222893,147.03432515906897,148.1446533203125,93339400,0.0,0.0
2022-09-27,150.08034720002962,152.02586530633175,147.33892101138343,149.11740112304688,84442700,0.0,0.0
2022-09-28,145.06917659266318,148.016938253305,142.3179293774459,147.23086547851562,146691400,0.0,0.0
2022-09-29,143.55595244325275,144.16515152497595,138.2303182381293,139.9989776611328,128138200,0.0,0.0
2022-09-30,138.8199033723931,140.60821907927374,135.59701890511008,135.7935333251953,124925300,0.0,0.0
2022-10-03,135.8033685254817,140.57874239032802,135.29241903979042,139.9695281982422,114311700,0.0,0.0
2022-10-04,142.50462422706246,143.67390542522304,141.748027864766,143.55599975585938,87830100,0.0,0.0
2022-10-05,141.56132388640066,144.81368463210958,140.51976901629106,143.85073852539062,79471000,0.0,0.0
2022-10-06,143.2710319630231,144.9709035584296,142.69130913468942,142.89764404296875,68402200,0.0,0.0
2022-10-07,140.05795483791823,140.60821619318722,137.02176437961742,137.65061950683594,85925600,0.0,0.0
2022-10-10,137.97488403320312,139.41928832461434,136.15710682488464,137.97488403320312,74899000,0.0,0.0
2022-10-11,137.4638994009055,138.88866238055874,135.81316062854552,136.55992126464844,77033700,0.0,0.0
2022-10-12,136.70735883391194,137.91593686444165,135.7542480720767,135.9311065673828,70433700,0.0,0.0
2022-10-13,132.63942598399592,141.08966528093347,132.0302118420066,140.5001220703125,113224000,0.0,0.0
2022-10-14,141.79714775053986,142.00349764686453,135.78371925254498,135.9704132080078,88598000,0.0,0.0
2022-10-17,138.6135887754333,140.4117102259384,137.8275159869022,139.9302520751953,85250900,0.0,0.0
2022-10-18,142.95660950013638,144.14553155258784,138.1615794221166,141.2469024658203,99136600,0.0,0.0
2022-10-19,139.22275323737964,142.42598143245377,139.03605931008337,141.35496520996094,61758300,0.0,0.0
2022-10-20,140.52959032509128,143.34961008460004,140.16602295690015,140.8931427001953,64522000,0.0,0.0
2022-10-21,140.38223457734534,145.2755298413862,140.16606418448774,144.70562744140625,86548600,0.0,0.0
2022-10-24,144.6269694579804,147.61402706279983,143.45768863799606,146.8476104736328,75981900,0.0,0.0
2022-10-25,147.47648086131204,149.83469868322362,146.75919654145045,149.6873016357422,74732300,0.0,0.0
2022-10-26,148.3313246354716,149.3433879403945,145.46215770101213,146.74935913085938,88194300,0.0,0.0
2022-10-27,145.49165853167307,146.45458955551916,141.62026350591435,142.27859497070312,109180200,0.0,0.0
2022-10-28,145.6193777007102,154.75743900232175,145.24600486857483,153.02809143066406,164762400,0.0,0.0
2022-10-31,150.49304812984573,151.55424402730603,149.27463469355658,150.66990661621094,97943200,0.0,0.0
2022-11-01,152.37958612806426,152.74313850206963,146.53319676946654,148.02671813964844,80379300,0.0,0.0
2022-11-02,146.35633217647393,149.5202635488904,142.47511648464766,142.5045928955078,93604600,0.0,0.0
2022-11-03,139.58628898595558,140.313408670562,136.33392883040858,136.461669921875,97918500,0.0,0.0
2022-11-04,139.84742136761483,140.41826915811382,132.25911500159168,136.19598388671875,140814800,0.23,0.0
2022-11-07,134.94600177423487,136.95379796987663,133.52872680415337,136.72743225097656,83374600,0.0,0.0
2022-11-08,138.19391993058036,139.19781051108808,135.32000793975288,137.29827880859375,89908500,0.0,0.0
2022-11-09,136.31406095143706,136.36327480735815,132.46576869499577,132.74134826660156,74917800,0.0,0.0
2022-11-10,139.0108096143879,144.55194091796875,137.298266687944,144.55194091796875,118854000,0.0,0.0
2022-11-11,143.51849884110462,147.64235455642944,142.09137248805416,147.33724975585938,93979700,0.0,0.0
2022-11-14,146.61882473623606,147.90814675324938,145.10312196997452,145.93971252441406,73374100,0.0,0.0
2022-11-15,149.8175372526668,151.1659099557232,146.21529884381314,147.67193603515625,89868300,0.0,0.0
2022-11-16,146.77629560614008,147.50460662223392,144.96532479416157,146.441650390625,64218300,0.0,0.0
2022-11-17,144.11887238503797,149.0891706966127,143.84329285652703,148.34117126464844,80389400,0.0,0.0
2022-11-18,149.9060967599958,150.2899408094876,147.60303246304494,148.90219116210938,74829600,0.0,0.0
2022-11-21,147.79001023834212,147.9966873729924,145.3885186493538,145.67393493652344,58724100,0.0,0.0
2022-11-22,145.79205967642807,148.04590985414606,144.6109873377189,147.8096923828125,51804100,0.0,0.0
2022-11-23,147.0912573882817,149.43369912767082,146.9829928956722,148.68569946289062,58301400,0.0,0.0
2022-11-25,145.96922504559745,146.5302359602774,144.79800437919693,145.7723846435547,35195900,0.0,0.0
2022-11-28,142.84924916455952,144.32557460653223,141.11703271911014,141.9437713623047,69246000,0.0,0.0
2022-11-29,142.012646377485,142.5244433578434,138.13484450256723,138.94189453125,83763800,0.0,0.0
2022-11-30,139.16829999405587,146.3727767919922,138.3317244213744,145.69366455078125,111380900,0.0,0.0
2022-12-01,145.87081033178356,146.7762881829984,144.29605710134743,145.96922302246094,71250400,0.0,0.0
2022-12-02,143.6563344518848,145.66413072697534,143.35121453595042,145.4771270751953,65447400,0.0,0.0
2022-12-05,145.4377569527139,148.53803463745106,143.46932286260514,144.3157501220703,68826400,0.0,0.0
2022-12-06,144.74882702977874,144.9751927748334,139.68009957146649,140.65447998046875,64727200,0.0,0.0
2022-12-07,139.9458322919547,141.10720126498546,137.79039443330282,138.71556091308594,69721100,0.0,0.0
2022-12-08,140.1131279990439,141.25482328488022,138.8730200272998,140.39854431152344,62128300,0.0,0.0
2022-12-09,140.09345741010685,143.2724894333561,138.6761823933455,139.9163055419922,76097000,0.0,0.0
2022-12-12,140.44776160871248,142.21935519606154,138.8336463442299,142.2095184326172,70462700,0.0,0.0
2022-12-13,147.1404191965991,147.603002317918,141.96344396778542,143.1740264892578,93886200,0.0,0.0
2022-12-14,143.05596154285573,144.34528354143862,138.93208948952125,140.94973754882812,82291200,0.0,0.0
2022-12-15,138.88288378971373,139.5619960317231,133.88305882406812,134.34564208984375,98931900,0.0,0.0
2022-12-16,134.53260929976452,135.47744910553232,131.61932069307161,132.3870086669922,160156900,0.0,0.0
2022-12-19,132.9775676474043,133.06614357854048,129.24739159594094,130.2808074951172,79592600,0.0,0.0
2022-12-20,129.31627297471567,131.14691722297425,127.83994745250583,130.2119140625,77432800,0.0,0.0
2022-12-21,130.88117753836192,134.6507305969255,130.65481182459862,133.31219482421875,85928000,0.0,0.0
2022-12-22,132.2295865606811,132.43626376220547,128.24350390512237,130.14303588867188,77852100,0.0,0.0
2022-12-23,128.8536879861786,130.33001348787815,127.59389142616514,129.7788543701172,63814900,0.0,0.0
2022-12-27,129.30639015430367,129.33591545279467,126.68837022310188,127.97769165039062,69007800,0.0,0.0
2022-12-28,127.62342547026658,128.9619612841453,123.883405115354,124.05072021484375,85438400,0.0,0.0
2022-12-29,125.9699273840094,128.42062552699434,125.71403637929805,127.56436157226562,75703700,0.0,0.0
2022-12-30,126.38331908581098,127.8990067839709,125.41878304163788,127.87931823730469,77034200,0.0,0.0
2023-01-03,128.22379338136977,128.8340031338152,122.21022673136561,123.09602355957031,112117500,0.0,0.0
2023-01-04,124.88728777203856,126.62935597280962,123.10585750129947,124.36565399169922,89113600,0.0,0.0
2023-01-05,125.12351256937882,125.75341088924934,122.79092293482029,123.04681396484375,80962700,0.0,0.0
2023-01-06,124.02117959147921,128.23361941413805,122.9188539076289,127.5741958618164,87754700,0.0,0.0
2023-01-09,128.41079711233908,131.30439758356596,127.83994943275363,128.09584045410156,70790800,0.0,0.0
2023-01-10,128.20411901412172,129.18833615231142,126.09789493911427,128.6667022705078,63896200,0.0,0.0
2023-01-11,129.17849644752224,131.402821722743,128.40097153395064,131.38314819335938,69458900,0.0,0.0
2023-01-12,131.76699610111268,132.14098840377943,129.36550386584642,131.30441284179688,71379600,0.0,0.0
2023-01-13,129.94616380817476,132.7905502170586,129.58200833933589,132.63307189941406,57809700,0.0,0.0
2023-01-17,132.70199775252627,135.12316348796887,132.01304876349633,133.7944793701172,63646600,0.0,0.0
2023-01-18,134.6605787592018,136.42232060237055,132.8988218980733,133.07598876953125,69672800,0.0,0.0
2023-01-19,131.96380450388668,134.09955338686564,131.65869966602656,133.13502502441406,58280400,0.0,0.0
2023-01-20,133.14488168206822,135.84164181281548,132.10161400912494,135.69400024414062,80223600,0.0,0.0
2023-01-23,135.9400291721196,141.05796890647485,135.7235002594527,138.88284301757812,81760300,0.0,0.0
2023-01-24,138.0954934654877,140.90051809732327,138.0856567013407,140.28045654296875,66435100,0.0,0.0
2023-01-25,138.6663106564194,140.1819979894366,136.61913781717996,139.62100219726562,65799300,0.0,0.0
2023-01-26,140.9103416541343,141.9732977828438,139.6603818984353,141.68788146972656,54105100,0.0,0.0
2023-01-27,140.90051489349364,144.9062704324847,140.82177572822627,143.6267852783203,70555800,0.0,0.0
2023-01-30,142.67209860282117,143.2527830109075,140.59540019505755,140.74302673339844,64015300,0.0,0.0
2023-01-31,140.4477482733763,142.0618633846007,140.03437897857034,142.0126495361328,65874500,0.0,0.0
2023-02-01,141.69772563249788,144.29605796571016,139.08955653554688,143.13467407226562,77663600,0.0,0.0
2023-02-02,146.54991104174482,148.79392468833726,145.83143680858885,148.4396209716797,118339000,0.0,0.0
2023-02-03,145.69363837431163,154.8960731461596,145.4967979818679,152.0615234375,154357300,0.0,0.0
2023-02-06,150.1620046015634,150.6836384438328,148.40024764766747,149.3352508544922,69858300,0.0,0.0
2023-02-07,148.2624474794368,152.77999988075524,148.2624474794368,152.2091522216797,83322600,0.0,0.0
2023-02-08,151.45130381865607,152.14025265616812,148.78406936876726,149.52223205566406,64120100,0.0,0.0
2023-02-09,151.3529059605557,151.89422837459855,148.0459358705389,148.48883056640625,56007100,0.0,0.0
2023-02-10,147.32569243849323,149.1788354914484,147.08911426452642,148.85354614257812,57450700,0.23,0.0
2023-02-13,148.79438841262413,152.0571182724141,148.7648180243575,151.65298461914062,62199000,0.0,0.0
2023-02-14,149.9476888936107,151.5741355635304,148.7056873791277,151.01226806640625,61707600,0.0,0.0
2023-02-15,150.92353288699502,153.27940219693946,150.6968215839401,153.11183166503906,65573800,0.0,0.0
2023-02-16,151.3178586328593,154.0975960108758,151.16015487764588,151.5150146484375,68167900,0.0,0.0
2023-02-17,150.17441057100683,150.81512239489066,148.69583093968438,150.37155151367188,59144100,0.0,0.0
2023-02-21,148.05510409777494,149.1394018439348,146.29067235544917,146.3596649169922,58867200,0.0,0.0
2023-02-22,146.74410160351695,147.8086807909047,145.0585291708209,146.78353881835938,51011300,0.0,0.0
2023-02-23,147.946689634791,148.19311959888688,145.13739706863274,147.26654052734375,48394200,0.0,0.0
2023-02-24,145.00921102304162,145.08807039598366,143.6390613800591,144.61492919921875,55469600,0.0,0.0
2023-02-27,145.6006854773172,147.03982803359767,145.344388690471,145.80767822265625,44998500,0.0,0.0
2023-02-28,144.95008720013072,146.95109701970668,144.7332276594082,145.30494689941406,50547000,0.0,0.0
2023-03-01,144.73322244168676,145.12750429739225,142.9392054041828,143.23492431640625,55479000,0.0,0.0
2023-03-02,142.31820514818978,144.61493369350907,141.8450488958328,143.82635498046875,52238100,0.0,0.0
2023-03-03,145.9259528752422,148.9521198871165,145.22610023869615,148.87326049804688,70732300,0.0,0.0
2023-03-06,151.59384830577196,154.0680147422593,151.26857399298945,151.63328552246094,87558000,0.0,0.0
2023-03-07,151.50512207262017,151.83041139396585,148.9718301446463,149.43511962890625,56182000,0.0,0.0
2023-03-08,150.62785567244086,151.2784344169459,149.6618543808646,150.68699645996094,47204800,0.0,0.0
2023-03-09,151.36714931784533,152.3331506331596,148.08470016179072,148.43955993652344,53833600,0.0,0.0
2023-03-10,148.06495118697146,148.7845223003039,145.50207415084836,146.37936401367188,68572400,0.0,0.0
2023-03-13,145.69925527320058,150.95314411845015,145.59082548311505,148.32127380371094,84457100,0.0,0.0
2023-03-14,149.11970482478546,151.20942619347872,147.95656256587642,150.41099548339844,73695900,0.0,0.0
2023-03-15,149.03096880678774,151.06154904978908,147.7791005346977,150.80526733398438,77167900,0.0,0.0
2023-03-16,149.98709719489494,154.22569446185167,149.4745187940127,153.62440490722656,76161100,0.0,0.0
2023-03-17,153.85112382009055,154.50170239485772,152.07682545294745,152.7865447998047,98944600,0.0,0.0
2023-03-20,152.85556893212473,155.5662982460434,151.94869352566715,155.15228271484375,73641400,0.0,0.0
2023-03-21,155.07344501678244,157.1237289497417,154.3045697408097,157.0054473876953,73938300,0.0,0.0
2023-03-22,157.02513511228065,159.8245751633318,155.5564074952064,155.5761260986328,75701800,0.0,0.0
2023-03-23,156.5618527096425,159.2430113419942,155.4282660956086,156.66041564941406,67622100,0.0,0.0
2023-03-24,156.5914588714899,158.0503200650471,155.5958872192805,157.96160888671875,59196500,0.0,0.0
2023-03-27,157.6560126824132,158.47416184588545,155.61556566491817,156.01971435546875,52390300,0.0,0.0
2023-03-28,155.71416498675424,156.226743517172,153.7525770821358,155.3987274169922,45992200,0.0,0.0
2023-03-29,157.09418046089732,158.75019776487642,157.07447689173614,158.4741973876953,51305700,0.0,0.0
2023-03-30,159.22330893800608,160.1498879032855,158.96702721945866,160.0414581298828,49501700,0.0,0.0
2023-03-31,160.1203040734608,162.64374399803975,159.59787385661696,162.545166015625,68749800,0.0,0.0
2023-04-03,161.92418140899423,163.91532439911353,161.87489241518372,163.7970428466797,56976200,0.0,0.0
2023-04-04,164.22090454094308,164.45746763773894,162.75217680448466,163.26475524902344,46278300,0.0,0.0
2023-04-05,162.38746386000238,162.69303455117807,159.489445623491,161.42144775390625,51511700,0.0,0.0
2023-04-06,160.1104583059446,162.60434321282244,159.686606015777,162.30862426757812,45390100,0.0,0.0
2023-04-10,159.11485120764732,159.7161407470703,157.793990593468,159.7161407470703,47716900,0.0,0.0
2023-04-11,160.03160702009572,160.04145880285023,158.21787125365222,158.5037384033203,47644200,0.0,0.0
2023-04-12,158.9177218890988,159.74572277857914,157.49828319805357,157.813720703125,50133100,0.0,0.0
2023-04-13,159.32191350458623,163.4323637150449,159.11490570596376,163.19578552246094,68445600,0.0,0.0
2023-04-14,162.2395821576286,163.94488786146843,161.48058891002177,162.85073852539062,49386500,0.0,0.0
2023-04-17,162.73246797792896,163.02818690758198,161.68760746192598,162.87046813964844,41516200,0.0,0.0
2023-04-18,163.72806193096773,165.01935243982652,163.2844759960185,164.0927734375,49923000,0.0,0.0
2023-04-19,163.43235220441335,165.75865162452376,163.1760554202755,165.23622131347656,47720200,0.0,0.0
2023-04-20,163.71820194187683,165.47278202514906,163.19577163848064,164.27020263671875,52456400,0.0,0.0
2023-04-21,162.69305305620966,164.07305473489896,162.14105238473394,162.66348266601562,58337300,0.0,0.0
2023-04-24,162.643765839196,163.23520373133107,161.54961626736943,162.96905517578125,41949600,0.0,0.0
2023-04-25,162.83104036567903,163.93504162144998,161.3918829793584,161.4313201904297,48714100,0.0,0.0
2023-04-26,160.73144699304368,162.91974586384254,160.47516529354857,161.42144775390625,45498800,0.0,0.0
2023-04-27,162.83104713478986,166.1529178634098,162.83104713478986,166.00506591796875,64902300,0.0,0.0
2023-04-28,166.08391841749662,167.42449781718415,165.48262879614657,167.2569122314453,55275900,0.0,0.0
2023-05-01,166.86264216717663,168.01593249804148,166.2317821133474,167.168212890625,52472900,0.0,0.0
2023-05-02,167.6610625345139,167.91735928630777,165.14747425578494,166.13319396972656,48425700,0.0,0.0
2023-05-03,167.07950544573387,168.47922575134587,164.77292473257992,165.05877685546875,65136000,0.0,0.0
2023-05-04,162.53534351356944,164.6546351492701,161.9636242025262,163.4224853515625,81235400,0.0,0.0
2023-05-05,168.53837432535954,171.81097141948842,168.32151475691046,171.09140014648438,113453200,0.0,0.0
2023-05-08,170.0169462399646,171.36739258858663,169.65223472844943,171.0223846435547,55962800,0.0,0.0
2023-05-09,170.5788283985824,171.06182151405454,169.14953757945023,169.31710815429688,45326900,0.0,0.0
2023-05-10,170.5492304195713,171.54480192353225,169.44521410372417,171.08151245117188,53724500,0.0,0.0
2023-05-11,171.36739208260082,172.09681510347738,169.71137500858376,171.26881408691406,49514700,0.0,0.0
2023-05-12,171.3773676163626,171.8116866019269,168.79121464447562,170.3409423828125,45533100,0.24,0.0
2023-05-15,170.92334452950067,170.97270170588305,169.25517137496644,169.84742736816406,37266700,0.0,0.0
2023-05-16,169.76845889829133,170.9035986466086,169.58091066505557,169.84742736816406,42110300,0.0,0.0
2023-05-17,169.4920742376562,170.69630196545663,168.21872838992437,170.45941162109375,57951600,0.0,0.0
2023-05-18,170.76540150488879,172.97647339745131,170.35082834910114,172.78892517089844,65496700,0.0,0.0
2023-05-19,174.11158416944232,174.11158416944232,172.68031671339108,172.89747619628906,55809500,0.0,0.0
2023-05-22,171.73274586766902,172.45332751081392,171.2095929310653,171.9499053955078,43570900,0.0,0.0
2023-05-23,170.89370662105455,171.1404774028389,169.0675968111729,169.34397888183594,50747300,0.0,0.0
2023-05-24,168.88006417332414,170.19288666082696,168.317434571077,169.62037658691406,45143500,0.0,0.0
2023-05-25,170.18301363335365,171.65375792303627,169.47231254318322,170.75552368164062,56058300,0.0,0.0
2023-05-26,171.08128541223243,173.49963649375093,170.873991291327,173.1640167236328,54835000,0.0,0.0
2023-05-30,174.67423726963298,176.67801481811213,174.28927545149398,175.0098419189453,55964400,0.0,0.0
2023-05-31,175.03949398887755,177.03340659281355,174.47684924421523,174.9605255126953,99625300,0.0,0.0
2023-06-01,175.40469602373648,177.79343575638538,174.64463768008144,177.76382446289062,68901800,0.0,0.0
2023-06-02,178.69165461361322,179.4319669478336,176.94451328757913,178.61268615722656,61996900,0.0,0.0
2023-06-05,180.27101332814428,182.56103856696868,175.74028990045602,177.26040649414062,121946500,0.0,0.0
2023-06-06,177.64534986625156,177.79340630920336,175.13815031318512,176.89517211914062,64848400,0.0,0.0
2023-06-07,176.13511905525095,178.8693435880805,175.0295907510138,175.52313232421875,61944600,0.0,0.0
2023-06-08,175.60208462454239,178.50411146672758,175.16778069465795,178.23760986328125,50214900,0.0,0.0
2023-06-09,179.15559212759166,179.8761586114367,178.29683460490384,178.62257385253906,48900000,0.0,0.0
2023-06-12,178.92857679274874,181.51472997018058,178.63244881890137,181.416015625,54274900,0.0,0.0
2023-06-13,180.4388079672042,181.7713612206094,180.08345742062403,180.9422149658203,54929100,0.0,0.0
2023-06-14,181.00141884147698,182.00824779635482,179.66886572578127,181.5739288330078,57462900,0.0,0.0
2023-06-15,181.58382192499832,184.11075236554325,181.40613912687283,183.60733032226562,65433200,0.0,0.0
2023-06-16,184.31805138125782,184.57470266619666,181.88983501651188,182.53143310546875,101256200,0.0,0.0
2023-06-20,182.02804406160988,183.69621733182024,182.02804406160988,182.6202850341797,49799100,0.0,0.0
2023-06-21,182.51169267844918,183.01511479137184,180.23153270863293,181.58384704589844,49515700,0.0,0.0
2023-06-22,181.36664831236425,184.63389085713814,181.29754526800113,184.58453369140625,51245300,0.0,0.0
2023-06-23,183.15329819733586,185.13733008755815,182.62026481317798,184.26869201660156,53117000,0.0,0.0
2023-06-26,184.41673933227065,185.62098193195177,182.83740033087778,182.87689208984375,48088700,0.0,0.0
2023-06-27,183.48890577659213,185.95661391553264,183.27174625542975,185.63087463378906,50730800,0.0,0.0
2023-06-28,185.5025240055518,187.4470789620611,185.17679982937508,186.80548095703125,51216800,0.0,0.0
2023-06-29,186.63769101872532,187.61490879718235,186.49949997485513,187.14109802246094,46347300,0.0,0.0
2023-06-30,189.1547673916645,191.96794560784363,188.78953634841974,191.46453857421875,85213200,0.0,0.0
2023-07-03,191.27700219289193,191.37571654835668,189.28308969373236,189.97406005859375,31458200,0.0,0.0
2023-07-05,189.0955632614615,190.48733932830032,188.15782203618815,188.85865783691406,46920300,0.0,0.0
2023-07-06,187.38784264698543,189.5396915286371,186.75611009728527,189.3323974609375,45094300,0.0,0.0
2023-07-07,188.9375920522482,190.1813114167851,187.7827065576724,188.21701049804688,46815000,0.0,0.0
2023-07-10,186.8153651594175,187.5359467558433,184.62403920180722,186.17376708984375,59922200,0.0,0.0
2023-07-11,186.71665587805697,186.85484691926047,184.18972537508213,185.65060424804688,46638100,0.0,0.0
2023-07-12,187.22993768452707,189.22385000348103,186.03557542450565,187.31878662109375,60750200,0.0,0.0
2023-07-13,188.03936545890204,188.72045533421505,187.32866429002723,188.07884216308594,41342300,0.0,0.0
2023-07-14,187.7728180713282,188.71054402484233,187.1805772351739,188.2268829345703,41616200,0.0,0.0
2023-07-17,189.42126802557274,191.81002272437502,189.33243414864154,191.48428344726562,50520200,0.0,0.0
2023-07-18,190.8525035418644,191.81984066189028,189.93450852234776,191.2275848388672,48288200,0.0,0.0
2023-07-19,190.60575926840173,195.6694855056854,190.1615598085878,192.57992553710938,80507300,0.0,0.0
2023-07-20,192.57003512669965,193.93221460154035,190.0134935554866,190.63536071777344,59581200,0.0,0.0
2023-07-21,191.5928731808388,192.4516308259383,188.75993388819955,189.4607696533203,71951700,0.0,0.0
2023-07-24,190.91174763146105,192.392372294224,189.76672761078473,190.26026916503906,45377800,0.0,0.0
2023-07-25,190.83280156435973,191.92846454581797,190.42809382758358,191.11904907226562,37283200,0.0,0.0
2023-07-26,191.16839008411552,193.112945076557,190.82292002182845,191.9876708984375,47471900,0.0,0.0
2023-07-27,193.48806403406496,194.6528150463848,190.06288393124004,190.72422790527344,47460200,0.0,0.0
2023-07-28,192.15548645475204,194.09017617119656,191.63233355900982,193.30050659179688,48291400,0.0,0.0
2023-07-31,193.52752900074864,193.95198260711592,192.7378594315981,193.91249084472656,38824100,0.0,0.0
2023-08-01,193.7052413515144,194.1889025518439,192.7576347116685,193.0833740234375,35175100,0.0,0.0
2023-08-02,192.52068429221174,192.65887532596588,189.37190180440743,190.09246826171875,50389300,0.0,0.0
2023-08-03,189.09552588996192,189.8851803589987,188.22688789998924,188.70068359375,61235200,0.0,0.0
2023-08-04,183.12368481919472,184.95966022717982,179.57017917093492,179.6392822265625,115956800,0.0,0.0
2023-08-07,179.77747246914834,180.7645556934903,175.0592158617292,176.5398406982422,97576100,0.0,0.0
2023-08-08,177.36897457174686,177.94148460917899,175.2862285117603,177.47755432128906,67823000,0.0,0.0
2023-08-09,178.53375806746422,178.59298065772126,174.7236157900662,175.8883819580078,60378500,0.0,0.0
2023-08-10,177.1616784798233,178.41527829006225,175.30597241092943,175.6711883544922,54686900,0.0,0.0
2023-08-11,175.26594233781003,176.55087114534,174.50485775151037,175.73048400878906,52036700,0.24,0.0
2023-08-14,175.90840396188517,177.60848075837384,175.2560457553654,177.3811492919922,43675600,0.0,0.0
2023-08-15,176.80786722765603,177.40090780634856,174.99906405268155,175.39442443847656,43622600,0.0,0.0
2023-08-16,175.07815356283987,176.47180884084688,174.45544657600635,174.52464294433594,46964900,0.0,0.0
2023-08-17,175.08803154260252,175.4537406821077,171.47042491030345,171.98440551757812,66062900,0.0,0.0
2023-08-18,170.30410101859755,173.07166917955516,169.96804315644715,172.46873474121094,61172200,0.0,0.0
2023-08-21,173.0420157807921,174.08973444525807,171.7274205434044,173.80308532714844,46311900,0.0,0.0
2023-08-22,175.00895776189057,175.62177093693052,174.2083431088137,175.17698669433594,42038900,0.0,0.0
2023-08-23,176.45205395893973,179.44695366375947,176.264252478764,179.0219268798828,52722800,0.0,0.0
2023-08-24,178.57713623123834,179.0021629998802,173.97111355320405,174.3368377685547,54945800,0.0,0.0
2023-08-25,175.3252527852027,177.07473842454561,173.78332608108835,176.54100036621094,51449600,0.0,0.0
2023-08-28,178.0038440119186,178.49805204021447,176.48168992086147,178.10269165039062,43820700,0.0,0.0
2023-08-29,177.61835511729424,182.75811538578077,177.42067493043544,181.98715209960938,53003900,0.0,0.0
2023-08-30,182.7976884731864,185.67398314097,182.6000082560471,185.47628784179688,60813900,0.0,0.0
2023-08-31,185.66407430986655,186.9292456956689,185.30824391498263,185.6937255859375,60794500,0.0,0.0
2023-09-01,187.29495583927402,187.7199674857303,186.09896582677092,187.2653045654297,45766500,0.0,0.0
2023-09-05,186.09899903788357,187.7793035443977,185.43676200045883,187.50254821777344,45280000,0.0,0.0
2023-09-06,186.21759365485326,186.66239298088038,179.3678770840619,180.79119873046875,81755800,0.0,0.0
2023-09-07,173.15070839406067,176.14562276256126,171.5297067502884,175.50314331054688,112488800,0.0,0.0
2023-09-08,176.2840413464044,178.15214742516778,175.73051558651892,176.11599731445312,65551300,0.0,0.0
2023-09-11,177.98410020535158,178.21143169284028,175.28571330476424,177.28231811523438,58953100,0.0,0.0
2023-09-12,177.4108165912451,178.043402311121,172.79491507430095,174.2577667236328,90370200,0.0,0.0
2023-09-13,174.46533118918654,175.24618840249718,171.96463950783718,172.19198608398438,84267900,0.0,0.0
2023-09-14,171.98440467411754,174.060084556446,171.56927171405846,173.70425415039062,60895800,0.0,0.0
2023-09-15,174.4356540223445,174.45542656560403,171.80647888602266,172.98268127441406,109259500,0.0,0.0
2023-09-18,174.43567131089117,177.30208708635865,174.1292647291417,175.90841674804688,67257600,0.0,0.0
2023-09-19,175.4636488877364,177.54920768301113,175.07816717117066,176.99569702148438,51826900,0.0,0.0
2023-09-20,177.18347129792434,177.61837681135137,173.36818440563272,173.4571533203125,58436200,0.0,0.0
2023-09-21,172.5280657800123,174.25779428093645,171.84605612937938,171.9152374267578,63149100,0.0,0.0
2023-09-22,172.6466384244914,175.0287248458324,172.03382526857388,172.76524353027344,56725400,0.0,0.0
2023-09-25,172.18205638108142,174.9199727999802,172.13263256691485,174.040283203125,46172700,0.0,0.0
2023-09-26,172.79493440563715,173.17052232124786,169.6715354659317,169.9680633544922,64588900,0.0,0.0
2023-09-27,170.62039864934732,171.03553164114703,167.0917606780329,168.4557647705078,66921800,0.0,0.0
2023-09-28,167.37838547451082,170.03722730338785,165.67830850769053,168.71275329589844,56294400,0.0,0.0
2023-09-29,170.02736032081233,171.06520035560507,168.36681324873706,169.22674560546875,51861100,0.0,0.0
2023-10-02,169.23661305458424,172.28093658205415,168.9499639274405,171.7373046875,52164500,0.0,0.0
2023-10-03,170.26454593815689,171.61868620307462,168.84123947337378,170.40292358398438,49594600,0.0,0.0
2023-10-04,169.10812432832188,172.19199313339385,168.98951921036945,171.6483612060547,53020300,0.0,0.0
2023-10-05,171.77682905786853,173.41760341955526,170.67968657288918,172.8838653564453,48527900,0.0,0.0
2023-10-06,171.78671747657816,175.9281832590251,171.17388925206592,175.43397521972656,57266700,0.0,0.0
2023-10-09,174.76187075811515,176.97592853708252,173.7635757979471,176.9166259765625,42390800,0.0,0.0
2023-10-10,176.03691333055846,177.6381425852869,175.88864186643335,176.32354736328125,43698000,0.0,0.0
2023-10-11,176.13575227199846,177.76664794425923,175.54271164011269,177.71722412109375,47551100,0.0,0.0
2023-10-12,177.98411345020415,180.2278073787141,176.96603088257305,178.61669921875,56743100,0.0,0.0
2023-10-13,179.31846581874476,179.82255265296823,176.0764618780152,176.7782440185547,51427100,0.0,0.0
2023-10-16,174.70255348644375,177.0055649122618,174.46532818230494,176.6497344970703,52517000,0.0,0.0
2023-10-17,174.60369235668924,176.35319301979084,172.7751316803463,175.097900390625,57549400,0.0,0.0
2023-10-18,173.54610256783715,175.52293478970745,173.08154578913502,173.80308532714844,54764400,0.0,0.0
2023-10-19,174.0007735918687,175.77992569036093,173.16062890788183,173.42750549316406,59302900,0.0,0.0
2023-10-20,173.27923973046956,173.3879661145723,170.64017031492207,170.8773956298828,64244000,0.0,0.0
2023-10-23,168.93020088937016,171.99428177951037,167.96154224302492,170.99598693847656,55980100,0.0,0.0
2023-10-24,171.045411263789,171.65822442721412,169.4639394511676,171.43089294433594,43816600,0.0,0.0
2023-10-25,169.88897487497013,171.0552987076063,168.67321213575732,169.11801147460938,57157000,0.0,0.0
2023-10-26,168.3964558542296,169.39476582537458,163.75090293239452,164.95677185058594,70625300,0.0,0.0
2023-10-27,164.97653958977486,167.00279566914165,164.89746448966903,166.2713623046875,58499100,0.0,0.0
2023-10-30,167.06208999172168,169.18717852998205,166.91381853056686,168.31736755371094,51131000,0.0,0.0
2023-10-31,167.38826013413149,168.92029290970513,165.9550448299652,168.79180908203125,44846000,0.0,0.0
2023-11-01,169.01914553939386,172.2117251766134,168.14933458405196,171.95474243164062,56934900,0.0,0.0
2023-11-02,173.4868054165182,175.7206204672586,173.42750286114074,175.5130615234375,77334800,0.0,0.0
2023-11-03,172.2216424329047,174.77175801380423,171.34195262679097,174.6037139892578,79829200,0.0,0.0
2023-11-06,174.33683183407777,177.35148879200258,174.16880291146146,177.15380859375,63841300,0.0,0.0
2023-11-07,177.10437340755996,180.32661925220768,176.89681449142668,179.71380615234375,70530000,0.0,0.0
2023-11-08,180.23770048559436,181.32494925868284,179.48649451949703,180.7714385986328,49340300,0.0,0.0
2023-11-09,180.8406289798602,181.98718027395728,179.70394133589065,180.2969970703125,53763500,0.0,0.0
2023-11-10,182.0784515863883,184.65172484997518,181.6429731785289,184.48345947265625,66133400,0.24,0.0
2023-11-13,183.9094803756521,184.11731278262945,182.3160331472403,182.89996337890625,43627500,0.0,0.0
2023-11-14,185.7701081675421,186.17589626502485,184.38450869065176,185.51278686523438,60108400,0.0,0.0
2023-11-15,185.91859136162876,187.55162053928348,185.84930383072194,186.07693481445312,53790500,0.0,0.0
2023-11-16,187.62090049490251,188.99660829200764,186.7103463929358,187.75946044921875,54412900,0.0,0.0
2023-11-17,188.29392494435922,188.42259316852056,186.63120528706287,187.73968505859375,50922700,0.0,0.0
2023-11-20,187.93760923589429,189.93684445013852,187.92771748948175,189.4815673828125,46505100,0.0,0.0
2023-11-21,189.442003783256,189.5508734120303,187.78917585688575,188.67991638183594,38134500,0.0,0.0
2023-11-22,189.52119000957208,190.9463718813115,188.8679722130009,189.34303283691406,39617700,0.0,0.0
2023-11-24,188.90754041885276,188.93723076179566,187.30420149232032,188.0167999267578,24048300,0.0,0.0
2023-11-27,187.9672912540552,188.7095799535061,186.95777439426936,187.838623046875,40552600,0.0,0.0
2023-11-28,187.82874701011957,189.11538388382388,187.45264920500045,188.44236755371094,38415400,0.0,0.0
2023-11-29,188.93722623545,190.11499348364924,187.02707707633283,187.42295837402344,43014200,0.0,0.0
2023-11-30,187.88812439803064,188.36320007044645,186.2550951920731,187.9969940185547,48794400,0.0,0.0
2023-12-01,188.37309535289532,189.5904446947665,187.28439912721964,189.27374267578125,45704800,0.0,0.0
2023-12-04,188.0266631045601,188.09595062883508,185.52267721747734,187.48231506347656,43389500,0.0,0.0
2023-12-05,188.25433276481266,192.40123993854135,188.22462732075607,191.4313201904297,66628400,0.0,0.0
2023-12-06,192.45072587794942,192.75753614335477,190.1347886146608,190.34263610839844,41089700,0.0,0.0
2023-12-07,191.63914867608756,192.99505783958267,191.5995514892092,192.27256774902344,47477700,0.0,0.0
2023-12-08,192.20330005396386,193.9749043529612,191.67875053796885,193.69778442382812,53406400,0.0,0.0
2023-12-11,191.12449893522992,191.5005967167582,189.4518726145205,191.1937713623047,60943700,0.0,0.0
2023-12-12,191.09480795445688,192.71794533501543,189.748790485074,192.7080535888672,52696900,0.0,0.0
2023-12-13,193.08415015292962,195.96423418895137,192.8466274130704,195.92465209960938,70404200,0.0,0.0
2023-12-14,195.98403383047588,197.567574144968,194.14315707722483,196.07310485839844,66831600,0.0,0.0
2023-12-15,195.4990533238864,196.36010340669733,194.97450383643803,195.5386505126953,128538400,0.0,0.0
2023-12-18,194.07387143964067,194.6083278162061,192.39135323196817,193.8759307861328,55751900,0.0,0.0
2023-12-19,194.14313632648785,194.92500710230044,193.87590816937887,194.9151153564453,40714100,0.0,0.0
2023-12-20,194.87552171417178,195.64750075817219,192.82681274414062,192.82681274414062,52242800,0.0,0.0
2023-12-21,194.08374258350807,195.05366217859583,191.5104692555924,192.67832946777344,46482500,0.0,0.0
2023-12-22,193.17320815773428,193.40085423729087,190.98593919883143,191.60946655273438,37149600,0.0,0.0
2023-12-26,191.61933374797536,191.89645362489276,190.84735479057687,191.06509399414062,28919300,0.0,0.0
2023-12-27,190.5108903848591,191.5105004803971,189.12527563548673,191.16409301757812,48087700,0.0,0.0
2023-12-28,192.14391575114956,192.65857351066379,191.18388776405135,191.5896759033203,34049900,0.0,0.0
2023-12-29,191.90638540499626,192.40124458871406,189.75869835988954,190.55047607421875,42672100,0.0,0.0
2024-01-02,185.22579259007347,186.50253778362813,181.99931604152513,183.7313232421875,82488700,0.0,0.0
2024-01-03,182.32588522412956,183.968821035463,181.543999401021,182.35557556152344,58414500,0.0,0.0
2024-01-04,180.27718031693732,181.2075179249861,179.0202489631632,180.03965759277344,71983600,0.0,0.0
2024-01-05,180.11886909142459,180.8809414369887,178.31757423411605,179.3171844482422,62379700,0.0,0.0
2024-01-08,180.21780632812883,183.6917273170526,179.63387614033877,183.65213012695312,59144500,0.0,0.0
2024-01-09,182.0289774717032,183.24632668227045,180.8512103460259,183.23643493652344,42841800,0.0,0.0
2024-01-10,182.45457200324566,184.48348240733844,182.02898528742006,184.27565002441406,46792900,0.0,0.0
2024-01-11,184.6220377994394,185.12680377786887,181.73206228896322,183.6818084716797,49128400,0.0,0.0
2024-01-12,184.14699807850627,184.82001442518902,183.28594792653803,184.00843811035156,40477800,0.0,0.0
2024-01-16,180.28710192352952,182.3655014396163,179.06973745492456,181.7419891357422,65603000,0.0,0.0
2024-01-17,179.40625114511818,181.04917214343425,178.44622312883942,180.80174255371094,47317400,0.0,0.0
2024-01-18,184.17668914088887,187.1953332109462,183.9193677995691,186.69058227539062,78005800,0.0,0.0
2024-01-19,187.38337121910467,189.97642838325277,186.8786203129096,189.59043884277344,68903000,0.0,0.0
2024-01-22,190.32283587135973,193.32168117146784,190.2832386815117,191.896484375,60133900,0.0,0.0
2024-01-23,193.01485907067706,193.7373491711095,191.83709192633378,193.17320251464844,42355600,0.0,0.0
2024-01-24,193.41072200510203,194.36085808840235,192.34182457460193,192.50018310546875,53631300,0.0,0.0
2024-01-25,193.21282181305796,194.2520291241628,191.1245154438125,192.17361450195312,54822100,0.0,0.0
2024-01-26,192.27257421163478,192.7575265029299,189.96652881027472,190.44158935546875,44594000,0.0,0.0
2024-01-29,190.03580216218106,190.22385105233468,187.63079398239137,189.75868225097656,47145600,0.0,0.0
2024-01-30,188.9768051464624,189.82796344587697,185.54248160944437,186.1066131591797,55859400,0.0,0.0
2024-01-31,185.11689921687164,185.17629499887522,182.45456974695213,182.50404357910156,55467800,0.0,0.0
2024-02-01,182.0982797244824,185.02783750412453,181.93002942176474,184.9387664794922,64885400,0.0,0.0
2024-02-02,178.01073002917815,185.40392677166545,177.4070012757119,183.93914794921875,102551700,0.0,0.0
2024-02-05,186.21548923655902,187.30418539055444,183.9292424150712,185.7503204345703,69668800,0.0,0.0
2024-02-06,184.93878338477884,187.36359047791993,184.8497123520045,187.35369873046875,43490800,0.0,0.0
2024-02-07,188.67990426473503,189.0856924097343,186.67077723703076,187.46255493164062,53439000,0.0,0.0
2024-02-08,187.44274927884152,187.59120098390878,185.42373058041275,186.38375854492188,40962000,0.0,0.0
2024-02-09,186.9486117161699,188.27653811843788,186.30447993507684,187.14682006835938,45155200,0.24,0.0
2024-02-12,186.72067805809255,186.96842336096995,185.1053738445565,185.46212768554688,41781900,0.0,0.0
2024-02-13,184.09459726813964,184.53063145226378,181.85496988989732,183.3711700439453,56529500,0.0,0.0
2024-02-14,183.64865818230027,183.85675578337245,180.79462725534452,182.48919677734375,54630500,0.0,0.0
2024-02-15,181.8946109768474,182.82613576875198,179.71445525689393,182.20181274414062,65434500,0.0,0.0
2024-02-16,181.76576116844507,183.18287207946292,180.0315441516518,180.665771484375,49752500,0.0,0.0
2024-02-20,180.15048310961222,180.78471053407532,178.3766332434525,179.9225616455078,53665600,0.0,0.0
2024-02-21,180.2991272502037,181.24055639365764,179.03067248659073,180.6757049560547,41371400,0.0,0.0
2024-02-22,181.82522643308513,183.29188949706392,180.8144364958238,182.7071990966797,52292200,0.0,0.0
2024-02-23,183.34143499372246,183.3711632214272,180.58650833781007,180.8739013671875,45119700,0.0,0.0
2024-02-26,180.59641504961763,181.11171437415507,179.0207434868858,179.52615356445312,40867400,0.0,0.0
2024-02-27,179.46672518750105,182.2612846793882,177.94060546909574,180.98292541503906,54318900,0.0,0.0
2024-02-28,180.86394869052037,181.46844774488684,178.50542403872535,179.78378295898438,48953900,0.0,0.0
2024-02-29,179.63517226295397,180.92345088953732,177.9108594746495,179.11985778808594,136682600,0.0,0.0
2024-03-01,177.93067957222544,178.90183692569335,175.78025215753124,178.03968811035156,73563100,0.0,0.0
2024-03-04,174.56134649455421,175.30458245485661,172.2226300679557,173.5208282470703,81510100,0.0,0.0
2024-03-05,169.21996658252752,170.48842147609815,168.09024847040442,168.5857391357422,95132400,0.0,0.0
2024-03-06,169.5172478388351,169.69563232435493,167.15870765798908,167.59474182128906,68587700,0.0,0.0
2024-03-07,167.6244864884472,169.19023880968834,166.9704503005263,167.47584533691406,71765100,0.0,0.0
2024-03-08,167.47585303050033,172.13346248699506,167.41639656715574,169.19024658203125,76267000,0.0,0.0
2024-03-11,171.3803207402518,172.80733633404748,170.49834792480524,171.19203186035156,60139500,0.0,0.0
2024-03-12,171.58839851794536,172.4604668624585,169.4676992338398,171.6676788330078,59825400,0.0,0.0
2024-03-13,171.21183277143888,171.62804307697533,169.21995080494636,169.5866241455078,52488700,0.0,0.0
2024-03-14,171.35057361629615,172.73794133442243,170.49832912625453,171.43975830078125,72913500,0.0,0.0
2024-03-15,169.6262365278927,171.0631561279297,168.75416830335303,171.0631561279297,121752700,0.0,0.0
2024-03-18,173.98659600973463,176.1072954101753,171.95508129819135,172.1532745361328,75604200,0.0,0.0
2024-03-19,172.76766112194616,175.01719271038215,171.46947815172825,174.49197387695312,55215200,0.0,0.0
2024-03-20,174.1352174960067,177.05860900878906,173.51089450186836,177.05860900878906,53423100,0.0,0.0
2024-03-21,175.45322885093574,175.8892630091755,169.29922879245808,169.82444763183594,106181300,0.0,0.0
2024-03-22,170.210942813777,171.48931715990707,168.5262776263353,170.72625732421875,71160100,0.0,0.0
2024-03-25,169.03165430796025,170.38929358279395,167.92174518816086,169.3091278076172,54288300,0.0,0.0
2024-03-26,168.46682128354186,169.8740129173693,168.05061095138228,168.179443359375,57388400,0.0,0.0
2024-03-27,168.87312383270142,172.0343565405087,168.57582642397568,171.74696350097656,60273300,0.0,0.0
2024-03-28,170.2010103030642,170.67667701496117,168.97218824939392,169.93344116210938,65672700,0.0,0.0
2024-04-01,169.64606274055888,169.70551918920845,167.95147834818596,168.49652099609375,46240500,0.0,0.0
2024-04-02,167.5551169522469,167.81276664190898,166.71277681419204,167.31727600097656,49329500,0.0,0.0
2024-04-03,167.2677201117247,169.14067408704202,167.05962251511946,168.11996459960938,47691700,0.0,0.0
2024-04-04,168.75416790697062,170.36947196785653,167.2974395751953,167.2974395751953,53704400,0.0,0.0
2024-04-05,168.06051777285862,168.85330584999502,167.4262903353845,168.0506134033203,42104800,0.0,0.0
2024-04-08,167.50555706407098,167.67402205960258,166.72268854116854,166.9307861328125,37425500,0.0,0.0
2024-04-09,167.17850240762317,168.54606111418664,166.8316681080605,168.13975524902344,42373800,0.0,0.0
2024-04-10,167.27765088979615,167.56502882108228,165.60289002910008,166.266845703125,49709300,0.0,0.0
2024-04-11,166.8217782077108,173.87757491447604,166.64340884278624,173.4613494873047,91070300,0.0,0.0
2024-04-12,172.68839280877705,176.7514221146486,172.63885584160187,174.95774841308594,101670900,0.0,0.0
2024-04-15,173.77847120218846,175.0370216134587,170.94426424521788,171.13255310058594,73531800,0.0,0.0
2024-04-16,170.20102235595408,172.19288913903023,166.7524119884344,167.85240173339844,73711200,0.0,0.0
2024-04-17,168.08031301583728,169.1109267558204,166.48483276367188,166.48483276367188,50901200,0.0,0.0
2024-04-18,166.51456987389489,167.11906901091456,165.0479219314042,165.5334930419922,43122900,0.0,0.0
2024-04-19,164.7109957890585,164.89926951971245,162.6002009445124,163.51190185546875,68149400,0.0,0.0
2024-04-22,164.0272236912775,165.75152141981465,163.28398774037723,164.34432983398438,48116400,0.0,0.0
2024-04-23,163.85878156671623,165.5434469330526,163.43265169903057,165.39479064941406,49537800,0.0,0.0
2024-04-24,165.03802194946388,167.77314006308927,164.71101142134987,167.49566650390625,48251800,0.0,0.0
2024-04-25,168.00106471763377,169.07132637527934,166.63350563489078,168.35781860351562,50558300,0.0,0.0
2024-04-26,168.34790327634968,169.79472746518425,167.65420428921547,167.77313232421875,44838400,0.0,0.0
2024-04-29,171.8063788071103,174.44239201396167,171.5388248123991,171.93521118164062,68169400,0.0,0.0
2024-04-30,171.76678225756265,173.41181476528868,168.46681287321124,168.79383850097656,65934800,0.0,0.0
2024-05-01,168.05060587060277,171.1523820898212,167.58484346320657,167.77313232421875,50383100,0.0,0.0
2024-05-02,170.95418315705703,171.85597979307556,169.34879824722077,171.46949768066406,94214900,0.0,0.0
2024-05-03,184.9666328542693,185.31348231884328,181.01262758822543,181.72613525390625,163224100,0.0,0.0
2024-05-06,180.70544017490002,182.53874644704828,178.79283846563771,180.0712127685547,78569700,0.0,0.0
2024-05-07,181.79550770435065,183.23242749590466,179.68472791941784,180.75497436523438,77305800,0.0,0.0
2024-05-08,181.20094275555934,181.4189598584749,179.813559816899,181.09193420410156,45057100,0.0,0.0
2024-05-09,180.91352883975787,182.99459544718977,180.4675903156434,182.90541076660156,48983000,0.0,0.0
2024-05-10,183.48094965782863,183.66949389545601,180.7322193628195,181.64515686035156,50759500,0.25,0.0
2024-05-13,184.01682262141375,185.6640864017181,183.20310853414878,184.85037231445312,72044800,0.0,0.0
2024-05-14,186.07090395104018,186.85484938535834,184.86026592315986,185.99151611328125,52393600,0.0,0.0
2024-05-15,186.46785537715886,189.1868170758504,185.93199122253947,188.2639617919922,70400000,0.0,0.0
2024-05-16,189.00819589014523,189.63336565724362,188.2044148419799,188.38302612304688,52845200,0.0,0.0
2024-05-17,188.0555735439889,189.34559954047234,187.72810435814964,188.41281127929688,41282900,0.0,0.0
2024-05-20,187.87695420764547,190.44707314635468,187.5594028379898,189.57382202148438,44361300,0.0,0.0
2024-05-21,189.62345487533878,191.2508679069906,189.45476137627725,190.87379455566406,42309400,0.0,0.0
2024-05-22,190.79440205142186,191.3401840301744,188.8097513226368,189.43490600585938,34648500,0.0,0.0
2024-05-23,189.51429520164533,189.5341459487459,185.19768892080702,185.44577026367188,51005900,0.0,0.0
2024-05-24,187.37087155015982,189.11735863774422,186.59684388111853,188.52195739746094,36327000,0.0,0.0
2024-05-28,190.04021443649896,191.5187845976106,187.64872194997955,188.53189086914062,52280100,0.0,0.0
2024-05-29,188.15483105781396,190.77456966628964,188.05559245514976,188.82960510253906,53068000,0.0,0.0
2024-05-30,189.29598343446253,190.70508365256933,189.16699143181853,189.82191467285156,49889100,0.0,0.0
2024-05-31,189.9707702687458,191.09210277636024,188.45251367186646,190.77455139160156,75158300,0.0,0.0
2024-06-03,191.41954585254337,193.49351725389894,191.04247253185534,192.54087829589844,50080500,0.0,0.0
2024-06-04,193.14619663099631,193.82098571162214,191.54855228534223,192.85842895507812,47471400,0.0,0.0
2024-06-05,193.90035090878894,195.38883880770499,193.37441972917316,194.3667449951172,54156800,0.0,0.0
2024-06-06,194.1881470745491,194.9919281725913,192.67980832687616,192.9874267578125,41181800,0.0,0.0
2024-06-07,193.15613762673084,195.4285713258788,192.65005711175448,195.3789520263672,53103900,0.0,0.0
2024-06-10,195.3888672580803,195.78580650726497,190.67532155851157,191.63787841796875,97010200,0.0,0.0
2024-06-11,192.16378906024917,205.57011360777915,192.14395345618084,205.5601806640625,172373300,0.0,0.0
2024-06-12,205.77850209290926,218.51003809526938,205.3121079690946,211.4347686767578,198134300,0.0,0.0
2024-06-13,213.09195736730385,215.08652592836702,209.9760562824749,212.59579467773438,97862700,0.0,0.0
2024-06-14,212.20878551515116,213.5186471242216,209.67835280423736,210.85922241210938,70122700,0.0,0.0
2024-06-17,211.73244926121387,217.2696263789355,211.08744385812574,215.0071258544922,93728300,0.0,0.0
2024-06-18,215.9200623200828,216.95208913019513,211.36529274424583,212.6453857421875,79943300,0.0,0.0
2024-06-20,212.28815296354617,212.59578653831548,207.24715355520107,208.07077026367188,86172500,0.0,0.0
2024-06-21,208.77535128006048,210.26383945834172,205.52052500822026,205.89761352539062,241805100,0.0,0.0
2024-06-24,206.12584292738626,211.06761941054305,205.0045103276704,206.54261779785156,80727000,0.0,0.0
2024-06-25,207.54485732874397,209.75775393646785,207.0090082596573,207.46548461914062,55549700,0.0,0.0
2024-06-26,209.87681864015101,213.2110325348534,209.0234182045521,211.61338806152344,66213200,0.0,0.0
2024-06-27,213.04234702641065,214.08429174664712,210.72030917561003,212.45687866210938,49772700,0.0,0.0
2024-06-28,214.1140398112984,214.41174043740799,208.68601906723538,209.00355529785156,82542700,0.0,0.0
2024-07-01,210.46229254870087,215.84069445328046,210.29359904602236,215.08653259277344,60402900,0.0,0.0
2024-07-02,214.4911377013164,218.68868521261126,213.44920810314017,218.57952880859375,58046200,0.0,0.0
2024-07-03,218.3115631866412,219.84967041015625,217.34900644671097,219.84967041015625,37369800,0.0,0.0
2024-07-05,219.94889718329503,224.71206166235044,219.94889718329503,224.6029052734375,60412400,0.0,0.0
2024-07-08,225.34718574831138,226.10136279083508,221.53665960457084,226.07159423828125,59085900,0.0,0.0
2024-07-09,226.180713251394,227.63943274976205,224.63268810415036,226.92495727539062,48076100,0.0,0.0
2024-07-10,227.54022056792812,231.2912094233167,227.49060126886744,231.1919708251953,62627700,0.0,0.0
2024-07-11,229.61417679228308,230.6065022056456,224.0373128145247,225.82350158691406,64710600,0.0,0.0
2024-07-12,227.16311346469493,230.8545649156238,226.92494993371525,228.7706756591797,53046500,0.0,0.0
2024-07-15,234.66509753137677,235.409341553401,231.30111515749465,232.60105895996094,62631300,0.0,0.0
2024-07-16,233.19643354245886,234.45669084850812,230.54692694431867,233.017822265625,43234300,0.0,0.0
2024-07-17,227.6890612108438,229.6836449661141,224.9006292447048,227.12344360351562,57345900,0.0,0.0
2024-07-18,228.51267855827928,228.67145424701283,220.56415801938329,222.45948791503906,66034600,0.0,0.0
2024-07-19,223.09459660515446,225.0593965950336,221.56640705838353,222.5885009765625,49151500,0.0,0.0
2024-07-22,225.26780686548457,226.03190174206108,221.37789271279104,222.24122619628906,48201800,0.0,0.0
2024-07-23,222.6480544130964,225.19833806517673,220.9710219946754,223.28314208984375,39960300,0.0,0.0
2024-07-24,222.280880842846,223.0747441599071,215.46361045876344,216.86277770996094,61777600,0.0,0.0
2024-07-25,217.2497516278374,219.1550293615974,212.9728323822056,215.82081604003906,51391200,0.0,0.0
2024-07-26,217.02155779536062,217.80550332568987,214.35220009781358,216.28724670410156,41601300,0.0,0.0
2024-07-29,215.29494907167114,217.61698712847516,214.09422854356947,216.56512451171875,36311800,0.0,0.0
2024-07-30,217.50777956722112,218.63902977566391,214.4613337033208,217.1207733154297,41643800,0.0,0.0
2024-07-31,219.74053796301214,222.10227724921992,218.93675681546986,220.37562561035156,50036300,0.0,0.0
2024-08-01,222.64804374939,222.7572001483694,215.35446119036925,216.68417358398438,62501000,0.0,0.0
2024-08-02,217.46809553371503,223.86860618805187,216.0391597412521,218.1726531982422,105568600,0.0,0.0
2024-08-05,197.56203096400748,211.8614414921662,194.4957495665788,207.66390991210938,119548600,0.0,0.0
2024-08-06,203.72439154098564,208.3783997216886,199.52685967053256,205.6395721435547,69660500,0.0,0.0
2024-08-07,205.31209833985366,212.00037630720823,204.80601788828693,208.20970153808594,63516400,0.0,0.0
2024-08-08,211.47445056104476,212.5560815310077,207.22729938249148,211.67291259765625,47161100,0.0,0.0
2024-08-09,210.47220292637738,215.1162780786914,210.3431957915856,214.58042907714844,42201600,0.0,0.0
2024-08-12,214.65993379251097,218.07747160820446,214.1929998012183,216.1103973388672,38028100,0.25,0.0
2024-08-13,217.58072790378117,220.44193777769505,217.58072790378117,219.82598876953125,44155300,0.0,0.0
2024-08-14,219.13056699635618,221.57450454206742,218.2662343099079,220.27305603027344,41960600,0.0,0.0
2024-08-15,223.13422122265686,223.87932657158487,221.3062179122894,223.25343322753906,46414000,0.0,0.0
2024-08-16,222.45867901826594,225.34969177239586,222.19043681447837,224.5747833251953,44340200,0.0,0.0
2024-08-19,224.24692851790377,224.51517071380414,221.5844105997713,224.4158172607422,40687800,0.0,0.0
2024-08-20,224.29662301984854,225.68748051768907,223.97870407222223,225.0317840576172,30299000,0.0,0.0
2024-08-21,225.04172779494317,226.4921913011218,223.58131984717622,224.92250061035156,34765500,0.0,0.0
2024-08-22,226.30343225653021,226.84984597984075,222.43881906323927,223.06471252441406,43695300,0.0,0.0
2024-08-23,224.187342377279,226.73063334528243,222.866020162344,225.35963439941406,38677300,0.0,0.0
2024-08-26,225.28016094798537,225.79677167752968,222.42889539152742,225.69741821289062,30602200,0.0,0.0
2024-08-27,224.52513427640764,227.35654136968387,223.4223774795666,226.54188537597656,35934600,0.0,0.0
2024-08-28,226.43259292076607,228.35993491185639,224.20720569696516,225.01193237304688,38052200,0.0,0.0
2024-08-29,228.59837969678284,231.3999685703833,227.38634017099784,228.29039001464844,51906300,0.0,0.0
2024-08-30,228.68777538921813,228.89639643358683,225.99545426270925,227.5055389404297,52990800,0.0,0.0
2024-09-03,227.05847075546578,227.50553099413642,219.7266282681139,221.31619262695312,50190600,0.0,0.0
2024-09-04,220.2134333758585,220.33264539565292,216.06070449558098,219.40872192382812,43840200,0.0,0.0
2024-09-05,220.1836359939166,224.00850159902006,220.07435325324454,220.92874145507812,36615400,0.0,0.0
2024-09-06,222.4884846157397,223.7700744804958,218.33577084564575,219.37892150878906,48423000,0.0,0.0
2024-09-09,219.37892899374344,219.82598924771256,215.2957503769675,219.4683380126953,67180000,0.0,0.0
2024-09-10,217.49130185519834,220.0345925843304,215.31559161387113,218.6735382080078,51591000,0.0,0.0
2024-09-11,220.01474349397893,221.63409569372266,216.46803428284608,221.2069091796875,44587100,0.0,0.0
2024-09-12,221.04795042006705,222.09110108310472,218.38544755210194,221.31619262695312,37455600,0.0,0.0
2024-09-13,222.12092741382088,222.57791698251046,220.4618275881316,221.0479736328125,36766600,0.0,0.0
2024-09-16,215.12682972853557,215.80239985733417,212.52393298456082,214.9082794189453,59357400,0.0,0.0
2024-09-17,214.34202255786693,215.4845116318028,213.10018001697546,215.37522888183594,45519300,0.0,0.0
2024-09-18,216.13027852526886,221.25660816461058,216.12033408306178,219.24978637695312,59894900,0.0,0.0
2024-09-19,223.52173475477835,228.3202162952346,223.16408348594896,227.37640380859375,66781300,0.0,0.0
2024-09-20,228.46919216926284,231.56882586153637,226.13452245924367,226.7107391357422,318679900,0.0,0.0
2024-09-23,225.8563676699032,227.95259834339626,224.33635371548323,224.99205017089844,54146000,0.0,0.0
2024-09-24,227.15779954496355,227.8532433973514,224.2568575968381,225.8861541748047,43556100,0.0,0.0
2024-09-25,223.462095237407,225.80669443859438,222.55804543582803,224.8927001953125,42308700,0.0,0.0
2024-09-26,225.81662129607273,227.00878694842402,223.93895622483703,226.03518676757812,36636700,0.0,0.0
2024-09-27,226.96904659349977,228.0221264682928,225.81661326820586,226.30340576171875,34026000,0.0,0.0
2024-09-30,228.5387415800987,231.47943115234375,228.1512873446241,231.47943115234375,54541900,0.0,0.0
2024-10-01,228.02216122790813,228.15130254219565,222.27988260723768,224.7337646484375,63285000,0.0,0.0
2024-10-02,224.41584231153624,225.8861795938886,221.56457676904253,225.30003356933594,32880600,0.0,0.0
2024-10-03,223.67072564154154,225.3298253274289,221.8626109260752,224.197265625,34044200,0.0,0.0
2024-10-04,226.41271278943105,226.5120662505933,222.66732681912907,225.3199005126953,37245100,0.0,0.0
2024-10-07,223.0349151567562,224.2171516536621,219.8856043654075,220.24325561523438,39505400,0.0,0.0
2024-10-08,222.83620769655573,224.5052366387564,221.79305702807565,224.29661560058594,31855700,0.0,0.0
2024-10-09,223.76012210676075,228.25062837641602,223.3627386107029,228.0419921875,33591100,0.0,0.0
2024-10-10,226.2934858996686,228.00226223679437,225.68746620848788,227.54525756835938,28183500,0.0,0.0
2024-10-11,227.80358186995707,227.91286461183438,225.85636623992795,226.06500244140625,31759200,0.0,0.0
2024-10-14,227.2075041009655,230.21772915238438,227.1081657950345,229.79054260253906,39882100,0.0,0.0
2024-10-15,232.08545910083197,235.9401430278398,230.85354589755886,232.3238983154297,64751400,0.0,0.0
2024-10-16,230.0885617348273,230.60515724916505,228.34003796565733,230.2673797607422,34082200,0.0,0.0
2024-10-17,231.9066247344228,232.3238971476739,229.0156269629083,230.63497924804688,32993800,0.0,0.0
2024-10-18,234.63867690560429,234.63867690560429,232.4828401919167,233.4663848876953,46431500,0.0,0.0
2024-10-21,232.9199708414818,235.30431748145634,232.9199708414818,234.9367218017578,36254500,0.0,0.0
2024-10-22,232.36362533760988,234.67842149785605,231.0820505913223,234.32077026367188,38846600,0.0,0.0
2024-10-23,232.55238437433343,233.60546433739609,226.27362172475395,229.25404357910156,52287000,0.0,0.0
2024-10-24,228.47914643577636,229.3136761173618,226.91940013747097,229.0653076171875,31109500,0.0,0.0
2024-10-25,228.24072625952675,231.69801159617745,228.07183749564092,229.8998260498047,38802300,0.0,0.0
2024-10-28,231.79733596578163,233.19812263375962,231.03235682367705,231.87680053710938,36087100,0.0,0.0
2024-10-29,231.5787930163908,232.80076177889833,230.80388451731673,232.1450653076172,35417200,0.0,0.0
2024-10-30,231.0919876952183,231.9463759413976,228.05195968136482,228.59837341308594,47070900,0.0,0.0
2024-10-31,227.84330777090054,228.330115454563,223.89921505082026,224.43569946289062,64370100,0.0,0.0
2024-11-01,219.5279346472888,223.87935529424118,218.83250593091054,221.4552764892578,65276700,0.0,0.0
2024-11-04,219.5478246614517,221.33606573362852,218.27617915451208,220.5611572265625,44944500,0.0,0.0
2024-11-05,220.35251908634842,222.4884819564664,219.6968226591573,221.9917449951172,28111300,0.0,0.0
2024-11-06,221.15722727351368,224.59465366535846,219.7464961432124,221.26651000976562,54561100,0.0,0.0
2024-11-07,223.16404611393824,226.39283627600352,223.1044401056504,225.9954376220703,42137700,0.0,0.0
2024-11-08,225.93576400556717,227.41767417057122,225.17989861433574,225.72691345214844,38328800,0.25,0.0
2024-11-11,223.77753946764838,224.47373322192615,220.29655552037386,223.01171875,42005600,0.0,0.0
2024-11-12,223.32998742389023,224.36433026226211,222.1464504536752,223.01171875,40398300,0.0,0.0
2024-11-13,222.79295685996902,225.41861323491412,221.54974806168275,223.8969268798828,48566200,0.0,0.0
2024-11-14,223.7974607959322,227.62653447284012,223.77756520755418,226.98007202148438,44923900,0.0,0.0
2024-11-15,225.1699449930133,225.6871240415238,223.05152776948486,223.77755737304688,47923700,0.0,0.0
2024-11-18,224.02620376766677,228.49181480220403,223.94663659117114,226.78115844726562,44633700,0.0,0.0
2024-11-19,225.74680903538962,228.90953992555222,225.4285554930197,227.0397491455078,36211800,0.0,0.0
2024-11-20,226.82093350733243,228.68076882556113,224.66272507245372,227.75582885742188,35169600,0.0,0.0
2024-11-21,227.63650237265796,228.90954693288327,224.48372676835862,227.27845764160156,42108300,0.0,0.0
2024-11-22,226.82093004738374,229.46648170496493,226.82093004738374,228.62109375,38168300,0.0,0.0
2024-11-25,230.20248468460477,231.98275293866183,228.49182822914253,231.6048126220703,90152800,0.0,0.0
2024-11-26,232.0623317186483,234.2901673751303,232.0623317186483,233.78292846679688,45986200,0.0,0.0
2024-11-27,233.19611792325418,234.40949083683986,232.53970008294309,233.6536102294922,33498400,0.0,0.0
2024-11-29,233.5342752849028,236.51797629056327,232.698842645531,236.04058837890625,28481400,0.0,0.0
2024-12-02,235.98089694287458,239.4817615684827,235.8714939748314,238.2882843017578,48137100,0.0,0.0
2024-12-03,238.50711361537608,241.441083276618,237.60205398884364,241.33168029785156,38861000,0.0,0.0
2024-12-04,241.55047375645148,242.78374225546824,239.9392801306149,241.68971252441406,44383900,0.0,0.0
2024-12-05,242.6644248316612,243.21142457935758,240.81452947473787,241.71957397460938,40033900,0.0,0.0
2024-12-06,241.5902721155965,243.3009285590703,240.76477968960373,241.52064514160156,36870600,0.0,0.0
2024-12-09,240.51612576959502,245.89673657618508,240.43655859300793,245.40939331054688,44649200,0.0,0.0
2024-12-10,245.54865007065558,246.861485816723,244.0070681600661,246.4238739013672,36914800,0.0,0.0
2024-12-11,246.61284788068906,249.43741460876686,244.92207178593077,245.1508331298828,45205800,0.0,0.0
2024-12-12,245.54862958315107,247.38858448031883,244.3451969163318,246.61282348632812,32777500,0.0,0.0
2024-12-13,246.47359279661413,247.9355922748061,244.90217516923994,246.7819061279297,33155300,0.0,0.0
2024-12-16,246.6426692963963,250.01425073054844,246.3045049916291,249.67608642578125,51694800,0.0,0.0
2024-12-17,248.72130738305802,252.45093348613432,248.42293425963442,252.1028289794922,51356400,0.0,0.0
2024-12-18,250.7900177691265,252.89849494785605,246.39403346062903,246.7023468017578,56774100,0.0,0.0
2024-12-19,246.15532490458142,250.6308762664829,245.7475488049507,248.43287658691406,60882300,0.0,0.0
2024-12-20,246.69239156062656,253.6145845456153,244.35516822034685,253.10736083984375,147495300,0.0,0.0
2024-12-23,253.38581895601413,254.26102752773247,252.07298333460633,253.8831024169922,40858800,0.0,0.0
2024-12-24,254.10189725758943,256.80710520536127,253.90297174117552,256.79718017578125,23234700,0.0,0.0
2024-12-26,256.78725468311694,258.6868812844183,256.23029959445824,257.61273193359375,27237100,0.0,0.0
2024-12-27,256.42919055718573,257.29448932345014,251.68511699924173,254.2013702392578,42355300,0.0,0.0
2024-12-30,250.85962400320443,252.1227283114492,249.38766912858338,250.8297882080078,35557500,0.0,0.0
2024-12-31,251.0684930674946,251.90392569582917,248.07483671879714,249.05946350097656,39480700,0.0,0.0
2025-01-02,247.57754859678104,247.74663833648884,240.50619200781614,242.52516174316406,55740700,0.0,0.0
2025-01-03,242.03782653808594,242.85336358935695,240.5758118291158,242.03782653808594,40244100,0.0,0.0
2025-01-06,242.98266113735735,245.98625772407811,241.87869116125097,243.66891479492188,45045600,0.0,0.0
2025-01-07,241.6598791297847,244.215923537777,240.0387452815234,240.89407348632812,40856000,0.0,0.0
2025-01-08,240.6056476428208,242.38593107741448,238.74581220273618,241.38140869140625,37628900,0.0,0.0
2025-01-10,238.70600665338932,238.85520080045117,231.73409784256125,235.5631866455078,61710900,0.0,0.0
2025-01-13,232.2612117379593,233.39501742033124,228.47191419887113,233.12648010253906,49630700,0.0,0.0
2025-01-14,233.47458784982285,234.83713969366363,231.2069764534674,232.0125732421875,39435300,0.0,0.0
2025-01-15,233.36520475508792,237.66174156203553,233.15633900368562,236.57765197753906,39832000,0.0,0.0
2025-01-16,236.06047699847062,236.7168796666606,226.79110553013876,227.0198516845703,71759100,0.0,0.0
2025-01-17,230.85888730040747,231.0279618693864,227.2386640256131,228.7305145263672,68488300,0.0,0.0
2025-01-21,222.783001089375,223.20071739531107,218.1881065481907,221.43038940429688,98070400,0.0,0.0
2025-01-22,218.59587812819439,222.9023551356524,218.59587812819439,222.6139373779297,64126500,0.0,0.0
2025-01-23,223.51898889751178,225.7965406078772,221.09224303438072,222.44485473632812,60234800,0.0,0.0
2025-01-24,223.5587751677507,224.40416321125562,220.207089142254,221.56964111328125,54697900,0.0,0.0
2025-01-27,222.80290778981754,230.888727332658,222.76311661057002,228.61117553710938,94863400,0.0,0.0
2025-01-28,229.59580038333414,238.88505261672515,229.5560092044273,236.9655303955078,75707600,0.0,0.0
2025-01-29,232.84800364416722,238.5568232574634,232.73860067537262,238.05953979492188,45486100,0.0,0.0
2025-01-30,237.3732826437262,239.48175963713217,235.92122345328548,236.2991485595703,55658300,0.0,0.0
2025-01-31,245.84699474947953,245.84699474947953,232.1716998572169,234.71778869628906,100959800,0.0,0.0
2025-02-03,228.7404632470789,230.5704628324937,224.47376244068877,226.77120971679688,73063300,0.0,0.0
2025-02-04,226.0153521080233,231.86341095944582,225.4186058340825,231.5352020263672,45067300,0.0,0.0
2025-02-05,227.2883891710869,231.4058958330951,227.0298072213747,231.2069854736328,39620300,0.0,0.0
2025-02-06,230.0334043541599,232.5297773409264,229.17807609142312,231.9529266357422,29925300,0.0,0.0
2025-02-07,231.33629458433444,232.72868233994458,226.02529517161955,226.39329528808594,39707200,0.0,0.0
2025-02-10,228.57377553913867,229.58933825388894,226.21404995469493,226.66209411621094,33115600,0.25,0.0
2025-02-11,227.20971719471092,234.2092091135714,227.1400288616486,231.61053466796875,53718400,0.0,0.0
2025-02-12,230.19669384296432,235.9317077791751,229.67894615315132,235.8420867919922,45243300,0.0,0.0
2025-02-13,235.8819260401158,241.28835511000761,234.54774465400956,240.48187255859375,53614100,0.0,0.0
2025-02-14,240.2030902821229,244.484433375407,239.94422402720738,243.53855895996094,40896200,0.0,0.0
2025-02-18,243.0905000064508,244.11602908498713,240.7905267294893,243.40911865234375,48822500,0.0,0.0
2025-02-19,243.5982928571997,244.94242536854557,242.10480216065562,243.807373046875,32204200,0.0,0.0
2025-02-20,243.8770617009929,245.70907319749273,243.22987332307676,244.76319885253906,32316900,0.0,0.0
2025-02-21,244.88267886995578,247.6107939080121,244.155851012499,244.4844207763672,53197400,0.0,0.0
2025-02-24,243.86711335623195,247.7800669312537,243.3593319822528,246.0277099609375,51326400,0.0,0.0
2025-02-25,246.92381259977986,248.91513366913293,243.84722519384715,245.9679718017578,48013300,0.0,0.0
2025-02-26,243.26972892021308,243.91690216055417,238.0922974197643,239.31695556640625,44433600,0.0,0.0
2025-02-27,238.3710773588995,241.4078448384303,236.0312691715791,236.27023315429688,41153600,0.0,0.0
2025-02-28,235.92174819400608,241.03944246427386,229.2010399398617,240.79052734375,56833400,0.0,0.0
2025-03-03,240.7407483660274,242.97103338088397,235.08540395372597,236.9970703125,47184000,0.0,0.0
2025-03-04,236.6784633674393,239.02822274747484,233.6615980851158,234.9061737060547,53798100,0.0,0.0
2025-03-05,234.3983766092207,235.5234777567522,228.23523611666363,234.7169952392578,47227600,0.0,0.0
2025-03-06,233.42263965762712,236.82779659290307,232.14819548977783,234.30877685546875,45170400,0.0,0.0
2025-03-07,234.08974000390756,240.32256924437755,233.74125275300776,238.03256225585938,46273600,0.0,0.0
2025-03-10,234.5178647329352,235.13518456664028,223.24699590534985,226.4928436279297,72071200,0.0,0.0
2025-03-11,222.8387656202518,224.8599551431671,216.50636447278404,219.88165283203125,76137400,0.0,0.0
2025-03-12,219.18471261137486,220.78772670269151,213.97741219492326,216.03842163085938,62547500,0.0,0.0
2025-03-13,215.01289169752292,215.89902897504837,207.51556900756947,208.7700958251953,61368300,0.0,0.0
2025-03-14,210.3332680009786,213.02154815111564,208.67051688888432,212.5635528564453,60107600,0.0,0.0
2025-03-17,212.38435712144667,214.2860724865002,209.05885441116683,213.0713653564453,48073400,0.0,0.0
2025-03-18,213.23066628615402,214.2163605039484,210.57225445008928,211.7670440673828,42432400,0.0,0.0
2025-03-19,213.29039128502816,217.8106832228152,212.8224296395377,214.30596923828125,54385400,0.0,0.0
2025-03-20,213.0613904363763,216.5462020975973,211.29906714235267,213.17091369628906,48862900,0.0,0.0
2025-03-21,210.64192650603025,217.89033350890864,210.36314278996363,217.32281494140625,94127800,0.0,0.0
2025-03-24,220.04098837247486,220.51890119737195,217.63149158987616,219.77215576171875,44299500,0.0,0.0
2025-03-25,219.81198848707382,223.1275400112128,219.12498026235477,222.779052734375,34493600,0.0,0.0
2025-03-26,222.5400680439697,224.04352508950674,219.51326687455483,220.56866455078125,34466100,0.0,0.0
2025-03-27,220.4292696466093,224.0136533961419,219.6028696378956,222.87860107421875,37094800,0.0,0.0
2025-03-28,220.70805090185615,222.83876366462027,216.7353602231078,216.95440673828125,39818600,0.0,0.0
2025-03-31,216.0682695484103,224.6409066608951,215.29165561007284,221.1660614013672,65299300,0.0,0.0
2025-04-01,218.85612876373423,222.70932997882656,217.95007407622174,222.22146606445312,36412700,0.0,0.0
2025-04-02,220.3595869543347,224.21278818927524,220.06088576879955,222.91842651367188,35905900,0.0,0.0
2025-04-03,204.64805110026137,206.58960121618028,200.37667426890133,202.30825805664062,103419000,0.0,0.0
2025-04-04,193.0486144227304,199.01262630823254,186.52703508606032,187.56253051757812,125910900,0.0,0.0
2025-04-07,176.43103817745248,193.30748067285785,173.86223225537526,180.6725616455078,160466300,0.0,0.0
2025-04-08,185.88983084847527,189.51403482217904,168.47573669018362,171.6717987060547,120859500,0.0,0.0
2025-04-09,171.20381523449285,199.7394480269994,171.14407803694525,197.98709106445312,184395900,0.0,0.0
2025-04-10,188.24952597387417,193.9347385570105,182.205859833413,189.59365844726562,121880000,0.0,0.0
2025-04-11,185.29243322025624,198.67409816298056,185.25259829067514,197.29013061523438,87435900,0.0,0.0
2025-04-14,210.52244846919626,212.01593914767514,200.28706023476008,201.6411590576172,101352900,0.0,0.0
2025-04-15,200.98403365195668,202.62686743682656,198.93297540670014,201.2628173828125,51343900,0.0,0.0
2025-04-16,197.49920369317184,199.8290454554037,191.53519224238798,193.4269561767578,59732400,0.0,0.0
2025-04-17,196.34424488667963,197.9671763411939,193.5763099497932,196.1251983642578,52164700,0.0,0.0
2025-04-21,192.43128533414372,192.9589841185958,188.98629374468007,192.32176208496094,46742500,0.0,0.0
2025-04-22,195.26894368988752,200.715208155226,195.1196006832811,198.8732452392578,52976400,0.0,0.0
2025-04-23,205.10606155750318,207.09738254349836,201.9199510184256,203.71214294433594,52929200,0.0,0.0
2025-04-24,204.00088023313933,207.92378505310097,202.0593452871763,207.4657745361328,47311000,0.0,0.0
2025-04-25,205.47443545258193,208.8397725246136,205.3051750047529,208.37181091308594,38222300,0.0,0.0
2025-04-28,209.0887270195077,210.5822179267899,206.55975576790956,209.22811889648438,38743100,0.0,0.0
2025-04-29,207.78438836336602,211.31898611202763,207.46576971677675,210.29345703125,36827600,0.0,0.0
2025-04-30,208.39173986928208,212.65316547487808,205.7731479657814,211.57785034179688,52286500,0.0,0.0
2025-05-01,208.1726964341785,213.62891164873253,207.99346964638974,212.39430236816406,57365700,0.0,0.0
2025-05-02,205.19567188008233,206.0917754590827,201.2827333487594,204.45889282226562,101010600,0.0,0.0
2025-05-05,202.21865389928206,203.21431440062256,197.34987465543003,198.02691650390625,69018500,0.0,0.0
2025-05-06,197.34988881133353,199.77928784710326,196.16505029893813,197.64857482910156,51216500,0.0,0.0
2025-05-07,198.30570335142838,198.574535944944,192.41139491378883,195.39837646484375,68536700,0.0,0.0
2025-05-08,196.86199326420865,199.18188402861682,193.83517686729027,196.63299560546875,50478900,0.0,0.0
2025-05-09,198.1364339272832,199.6697443694255,196.6827629534363,197.66847229003906,36453900,0.0,0.0
2025-05-12,210.32994399020487,210.62903686932515,206.12274573806786,210.15048217773438,63775800,0.26,0.0
2025-05-13,209.79158118866218,212.75257189298435,208.36592688565332,212.28399658203125,51909300,0.0,0.0
2025-05-14,211.78552428530423,213.29095299553776,209.94114592781207,211.6858367919922,49325800,0.0,0.0
2025-05-15,210.31001909194578,212.31393091132972,208.90429308394448,210.80850219726562,45029500,0.0,0.0
2025-05-16,211.71573318604425,211.92510277199543,209.1335944967917,210.6190643310547,54737900,0.0,0.0
2025-05-19,207.27923550566183,208.84446444770495,203.64029993754312,208.14659118652344,46140500,0.0,0.0
2025-05-20,207.03996203611737,207.83753801206538,204.40797196423648,206.232421875,42496600,0.0,0.0
2025-05-21,204.54755595275296,206.4118779017609,200.10109516487896,201.47689819335938,59211800,0.0,0.0
2025-05-22,200.1010778345708,202.1348820380274,199.09413231135568,200.7490997314453,46742400,0.0,0.0
2025-05-23,193.0824298832746,197.10020219746903,192.8730755135501,194.67758178710938,78432900,0.0,0.0
2025-05-27,197.6983910952664,200.1309909415137,196.83102019804124,199.60260009765625,56288500,0.0,0.0
2025-05-28,199.98144837254895,202.11495545301858,199.29353925378823,199.8119659423828,45339700,0.0,0.0
2025-05-29,202.9623758748587,203.19167383577107,197.90775006205254,199.3433837890625,51396800,0.0,0.0
2025-05-30,198.7651407343476,201.3472946799051,196.18300200128658,200.24066162109375,70819900,0.0,0.0
2025-06-02,199.67238359256916,201.51677709467234,199.51286535414474,201.08807373046875,35423300,0.0,0.0
2025-06-03,200.73914706631285,203.1518034040851,200.35033086337637,202.6533203125,46381600,0.0,0.0
2025-06-04,202.2943894332265,205.6142882803356,201.4868493484558,202.2046661376953,43604000,0.0,0.0
2025-06-05,202.8826044104843,204.12881205428334,199.54276184010462,200.0213165283203,55126100,0.0,0.0
2025-06-06,202.3841235560851,205.07592905349443,201.4370087789868,203.30133056640625,46607700,0.0,0.0
2025-06-09,203.76990423179717,205.3750202901374,199.41316716451473,200.8388214111328,72862600,0.0,0.0
2025-06-10,199.99141796230995,203.73004106569937,199.96151019448254,202.0551300048828,54672600,0.0,0.0
2025-06-11,202.88260699920767,203.8795731269679,197.80805305990708,198.1769256591797,60989900,0.0,0.0
2025-06-12,198.47602627663701,199.07419684911244,196.7612432530472,198.5956573486328,43904600,0.0,0.0
2025-06-13,199.12405177447246,199.76210952406473,195.1062792678608,195.85400390625,51447300,0.0,0.0
2025-06-16,196.701426450214,198.08720880439395,195.96366601516638,197.81802368164062,43020700,0.0,0.0
2025-06-17,196.6017124403596,197.78810453675544,194.61775963167673,195.04644775390625,38856200,0.0,0.0
2025-06-18,195.34555431850023,196.97061404804722,194.47819861622497,195.98361206054688,45394700,0.0,0.0
2025-06-20,197.63857663438114,201.08807102199273,196.2627584683704,200.39019775390625,96813500,0.0,0.0
2025-06-23,201.01828233775666,201.686247808318,198.3563846401482,200.888671875,55814300,0.0,0.0
2025-06-24,201.97536755465325,202.8227948624406,199.59261907789957,199.69232177734375,54064000,0.0,0.0
2025-06-25,200.83881944772682,203.052085424857,200.01133575244882,200.948486328125,39525700,0.0,0.0
2025-06-26,200.81888589983927,202.025221644493,198.85487656411598,200.39019775390625,50799100,0.0,0.0
2025-06-27,201.27751091280393,202.6034778198992,199.39324535272064,200.469970703125,73188600,0.0,0.0
2025-06-30,201.39712965217615,206.7608124915243,198.6554726965608,204.54754638671875,91912800,0.0,0.0
2025-07-01,206.04299395149746,209.55231908550664,205.51460310500556,207.18951416015625,78788900,0.0,0.0
2025-07-02,208.2761972389462,212.69274987948137,207.5085290616707,211.7954864501953,67941800,0.0,0.0
2025-07-03,211.50635319299207,213.99876845669687,211.16738836812712,212.90211486816406,34955800,0.0,0.0
2025-07-07,212.03474730839852,215.57398008038285,208.16652910348648,209.3130340576172,50229000,0.0,0.0
2025-07-08,209.46260228799343,210.78855393169587,207.8175989494771,209.37286376953125,42848900,0.0,0.0
2025-07-09,208.8943192909964,210.6888614301138,206.59132988433592,210.4994354248047,48749400,0.0,0.0
2025-07-10,209.87134957233482,212.8323404073814,209.39281005517992,211.76559448242188,44443600,0.0,0.0
2025-07-11,209.93115706069412,211.48642172848318,209.22330444266433,210.5193634033203,39765800,0.0,0.0
2025-07-14,209.29309904361602,210.27013683517245,206.91035052542594,207.98707580566406,38840100,0.0,0.0
2025-07-15,208.5852680860029,211.2471659954246,208.2861751856472,208.47560119628906,42296300,0.0,0.0
2025-07-16,209.6619745482938,211.75559423754484,208.00700716596054,209.52239990234375,47490500,0.0,0.0
2025-07-17,209.93116216460888,211.15742622671814,208.95412441878605,209.38282775878906,48068100,0.0,0.0
2025-07-18,210.23024956462245,211.1474566075158,209.06380098140497,210.539306640625,48974600,0.0,0.0
2025-07-21,211.45653611507612,215.12536441190215,210.98796078626995,211.8353729248047,51377400,0.0,0.0
2025-07-22,212.49335516085276,214.29786137817433,211.58611235366487,213.74952697753906,46404100,0.0,0.0
2025-07-23,214.3477325289176,214.49727137359017,211.76559372759175,213.50030517578125,46989300,0.0,0.0
2025-07-24,213.25105536667797,215.03563331063384,212.8821827557749,213.11148071289062,46022600,0.0,0.0
2025-07-25,214.04862920984866,214.58699944946258,212.7525701732737,213.2311248779297,40268800,0.0,0.0
2025-07-28,213.38067592321022,214.1981955143971,212.41361748607306,213.40061950683594,37858000,0.0,0.0
2025-07-29,213.53020352524888,214.1582970701604,210.18041185237743,210.62904357910156,51411700,0.0,0.0
2025-07-30,211.25711581327238,211.74563469104578,207.0898047125579,208.415771484375,45512500,0.0,0.0
2025-07-31,207.85748415888986,209.20337937318874,206.5315173151756,206.94027709960938,80698400,0.0,0.0
2025-08-01,210.23023901853355,212.93202387361222,200.88867142379772,201.76600646972656,104434500,0.0,0.0
2025-08-04,203.8895472057539,207.24933356384108,201.06813110178,202.7330780029297,75109300,0.0,0.0
2025-08-05,202.78290655256814,204.71702329589334,201.54667827641916,202.3043670654297,44155100,0.0,0.0
2025-08-06,205.00615029681612,214.72657006985978,204.96626313259566,212.60302734375,108483100,0.0,0.0
2025-08-07,218.2159523061407,220.1799768073744,215.92292715514498,219.36245727539062,90224800,0.0,0.0
2025-08-08,220.16001960779298,230.29916273925562,218.58481138779996,228.6541748046875,113854000,0.0,0.0
2025-08-11,227.48640043221798,229.12327986736793,224.3324083989562,226.747802734375,61806100,0.26,0.0
2025-08-12,227.57622481823222,230.36092560837628,226.63802588155738,229.21310424804688,55626200,0.0,0.0
2025-08-13,230.6304284784954,234.55294488479396,229.99163136972763,232.88612365722656,69878500,0.0,0.0
2025-08-14,233.6147219132583,234.67270293292236,230.41083714463488,232.337158203125,51916300,0.0,0.0
2025-08-15,233.5548328767578,233.834298979768,228.9036945156081,231.1494140625,56038700,0.0,0.0
2025-08-18,231.25921652669462,232.67651332576617,229.672244959047,230.4507598876953,37476200,0.0,0.0
2025-08-19,230.84001516813981,232.42698672077375,228.9136940815642,230.1213836669922,39402600,0.0,0.0
2025-08-20,229.54248102593337,230.0315543310328,225.3404986724704,225.5800323486328,42263900,0.0,0.0
2025-08-21,225.83955683035407,226.08908123987146,223.35428822884654,224.47215270996094,30621200,0.0,0.0
2025-08-22,225.73973438952316,228.65417758009713,224.98118568943215,227.3267059326172,42477800,0.0,0.0
2025-08-25,226.04912998143794,228.86377239669042,225.79960559269966,226.72784423828125,30983100,0.0,0.0
2025-08-26,226.43840339540802,229.0534295301293,224.26255788237486,228.87376403808594,54575100,0.0,0.0
2025-08-27,228.17510050695543,230.46073738560713,227.82576024347395,230.05152893066406,31259500,0.0,0.0
2025-08-28,230.3809040856524,232.9659733126178,228.90370861616245,232.11758422851562,38074700,0.0,0.0
2025-08-29,232.0676707602769,232.9360260407387,230.92984008944924,231.69837951660156,39418400,0.0,0.0
2025-09-02,228.81388239599917,230.4108447009183,226.53822101083426,229.28298950195312,44075600,0.0,0.0
2025-09-03,236.75874463665696,238.395624134605,233.9141603097862,238.01634216308594,66427800,0.0,0.0
2025-09-04,237.99636566705198,239.44360411673358,236.28962732845326,239.32383728027344,47549400,0.0,0.0
2025-09-05,239.54341659874092,240.86091270031892,238.03629475202086,239.2340087890625,54870400,0.0,0.0
2025-09-08,238.84475646782593,239.69313028194867,235.89038089866295,237.42745971679688,48999500,0.0,0.0
2025-09-09,236.54912730927947,238.3257397896772,232.9160527142261,233.9041748046875,66313900,0.0,0.0
2025-09-10,231.7482872752143,231.97784546194652,225.52015268533836,226.35855102539062,83440800,0.0,0.0
2025-09-11,226.44839058875493,230.01159113632517,226.21881717306923,229.59239196777344,50208600,0.0,0.0
2025-09-12,228.78393068206054,234.06386022938602,228.58431421011397,233.6247100830078,55824200,0.0,0.0
2025-09-15,236.54912714503797,237.7368657054393,234.58287368836292,236.24969482421875,42699500,0.0,0.0
2025-09-16,236.72878926810645,240.76111223381088,235.87043992435724,237.6969451904297,63421100,0.0,0.0
2025-09-17,238.5153883976145,239.6432435766681,237.27774187166392,238.5353546142578,46508000,0.0,0.0
2025-09-18,239.5134800259323,240.74113579799257,236.199788714976,237.42745971679688,44249600,0.0,0.0
2025-09-19,240.77107799962133,245.83144010441063,239.7530294205925,245.032958984375,163741300,0.0,0.0
2025-09-22,247.82763635806887,256.15178189089505,247.64797087114997,255.5928192138672,105517400,0.0,0.0
2025-09-23,255.39322235208516,256.8504363399061,253.0975947938589,253.9459686279297,60275200,0.0,0.0
2025-09-24,254.73446948849343,255.2534845023776,250.56241362070242,251.8300018310547,42303700,0.0,0.0
2025-09-25,252.72829161839874,256.6807646844572,251.2311452680336,256.3813171386719,55202100,0.0,0.0
2025-09-26,253.61660096533106,257.10994249251326,253.2972024297037,254.97401428222656,46076300,0.0,0.0
2025-09-29,254.0757261912774,254.5148915782133,252.52867184357527,253.9459686279297,40127700,0.0,0.0
2025-09-30,254.37515755125318,255.4331385813304,252.6284867333586,254.14559936523438,37704300,0.0,0.0
2025-10-01,254.55481135314994,258.29769267334166,254.44502000530687,254.9640350341797,48713900,0.0,0.0
2025-10-02,256.09186667190835,257.68882891050583,253.66649683440303,256.6408386230469,42630200,0.0,0.0
2025-10-03,254.18552630266564,258.7468246365968,253.46689477740222,257.5291442871094,49155600,0.0,0.0
2025-10-06,257.49917477533796,258.57713717661323,254.56478079871025,256.20166015625,44664100,0.0,0.0
2025-10-07,256.32145476920215,256.9103287268919,254.94407514023973,255.99209594726562,31955800,0.0,0.0
2025-10-08,256.03201279963565,258.0282082133661,255.62278908467795,257.569091796875,36496900,0.0,0.0
2025-10-09,257.3195337882977,257.50917476461467,252.65841993311406,253.55670166015625,38322000,0.0,0.0
2025-10-10,254.45500785015722,255.8922708493858,243.53581752909898,244.80340576171875,61999100,0.0,0.0
2025-10-13,248.90558714178317,249.2149949644775,245.09284695690994,247.18885803222656,38142900,0.0,0.0
2025-10-14,246.13087266264282,248.37659224814226,244.23447809703134,247.29864501953125,35478000,0.0,0.0
2025-10-15,249.01538540478128,251.3409547309234,246.99922390992754,248.86566162109375,33893600,0.0,0.0
2025-10-16,247.77774448085987,248.56623493239263,244.66368465033412,246.97926330566406,39777000,0.0,0.0
2025-10-17,247.5481624372989,252.89796599708643,246.79958926324147,251.81002807617188,49147000,0.0,0.0
2025-10-20,255.4032084113237,263.87706298772724,255.14370850365398,261.7411193847656,90483000,0.0,0.0
2025-10-21,261.3817895915523,264.7853058703715,261.3318664386604,262.27008056640625,46695900,0.0,0.0
2025-10-22,262.15033525743416,262.349966966352,254.94406918261987,257.9583435058594,45015300,0.0,0.0
2025-10-23,259.4454820834593,260.12418111371363,257.51916110368444,259.0861511230469,32754900,0.0,0.0
2025-10-24,260.69313376057823,263.62754335723145,258.68694768993146,262.3200378417969,38253700,0.0,0.0
2025-10-27,264.37609822840903,268.60802232244004,264.1465248140549,268.2986145019531,44888200,0.0,0.0
2025-10-28,268.4782600095115,269.3765722048576,267.63986169210665,268.4882507324219,41534800,0.0,0.0
2025-10-29,268.76770579477784,270.8936584399069,266.6018207191691,269.1869201660156,51086700,0.0,0.0
2025-10-30,271.4725408872279,273.6184749716116,267.969239224885,270.8836669921875,69886500,0.0,0.0
2025-10-31,276.4630533049319,276.79244258078194,268.647962249571,269.85565185546875,86167100,0.0,0.0
2025-11-03,269.90556627002525,270.33474092754267,265.74348587775046,268.53814697265625,50194600,0.0,0.0
2025-11-04,267.8195068636227,270.9734988318123,267.11086611942017,269.5262756347656,49274800,0.0,0.0
2025-11-05,268.0989800730272,271.18312844251227,266.4221834255846,269.6260986328125,43683100,0.0,0.0
2025-11-06,267.38037702601645,272.8798740142925,267.38037702601645,269.25677490234375,51204000,0.0,0.0
2025-11-07,269.28671541495146,271.7719991063764,266.26248096015127,267.9592590332031,48227400,0.0,0.0
2025-11-10,268.7085692371889,273.4741297822401,267.20997142836535,269.1781311035156,41312400,0.26,0.0
2025-11-11,269.55775905965567,275.65206242273547,269.5477586519058,274.99267578125,46208300,0.0,0.0
2025-11-12,274.74292397164845,275.4722525277038,271.4460210796085,273.21435546875,48398000,0.0,0.0
2025-11-13,273.85374352181776,276.4413491841305,271.83564282199285,272.6948547363281,49602800,0.0,0.0
2025-11-14,270.7965900477885,275.70200347225597,269.3479639093673,272.15533447265625,47431300,0.0,0.0
2025-11-17,268.5687054184609,270.2371271729127,265.48159771217263,267.2099609375,45018300,0.0,0.0
2025-11-18,269.7376065335732,270.4569347049811,265.0719890725528,267.19000244140625,45677300,0.0,0.0
2025-11-19,265.2817633125939,271.9555110777923,265.2517925781922,268.3089294433594,40424500,0.0,0.0
2025-11-20,270.5768036466949,275.17250947675234,265.67142054546326,266.0010986328125,45823600,0.0,0.0
2025-11-21,265.70137680880595,273.0744516711978,265.4216397990326,271.2361755371094,59030800,0.0,0.0
2025-11-24,270.64675212306133,276.7410558404627,270.64675212306133,275.6620788574219,65585800,0.0,0.0
2025-11-25,275.012667049666,280.1179060838009,274.9926967216935,276.7110900878906,46914200,0.0,0.0
2025-11-26,276.70108254872224,279.26868736786383,276.3714044558947,277.29052734375,33431400,0.0,0.0
2025-11-28,277.0008150112318,278.73917862681736,275.73198274965245,278.5893249511719,20135600,0.0,0.0
2025-12-01,277.75011957449965,283.1550658399818,275.88187257202503,282.8353576660156,46587700,0.0,0.0
2025-12-02,282.7354345985028,287.1313151163589,282.36578537497866,285.9224548339844,53669500,0.0,0.0
2025-12-03,285.9324708384744,288.35019153510143,283.0351573834178,283.8843688964844,43538700,0.0,0.0
2025-12-04,283.83440686502166,284.46382276925783,278.32954829392816,280.4375915527344,43989100,0.0,0.0
2025-12-05,280.27774306596746,280.8771882481053,277.79005013345267,278.5193786621094,47265800,0.0,0.0
2025-12-08,277.86998437615557,279.4085531850005,275.8918244790692,277.6302185058594,38211800,0.0,0.0
2025-12-09,277.8999627322321,279.7682096639769,276.6611317163261,276.9208679199219,32193300,0.0,0.0
2025-12-10,277.490342786908,279.48847306800184,276.1815698919154,278.5193786621094,33038300,0.0,0.0
2025-12-11,278.83908758708685,279.3286197507982,273.5540244422053,277.77008056640625,33248000,0.0,0.0
2025-12-12,277.64021728323,278.9589906850317,276.5612402656973,278.0198669433594,39532900,0.0,0.0
2025-12-15,279.8880911943856,279.8880911943856,272.5849275039148,273.8537292480469,50409100,0.0,0.0
2025-12-16,272.5649667835892,275.2424541197232,271.53593087885605,274.353271484375,37648600,0.0,0.0
2025-12-17,274.75292651919426,275.90184538512057,271.38608172110213,271.58587646484375,50138700,0.0,0.0
2025-12-18,273.35420232069225,273.374203136776,266.7004552212896,271.935546875,51630700,0.0,0.0
2025-12-19,271.8955859651445,274.34330788170604,269.64768928264715,273.4141845703125,144632000,0.0,0.0
2025-12-22,272.6048920133635,273.62395794129594,270.25711338978425,270.7166748046875,36571800,0.0,0.0
2025-12-23,270.5868091030317,272.2452609569047,269.30800689497966,272.1053771972656,29642000,0.0,0.0
2025-12-24,272.085389177814,275.17249671786806,271.9455359163183,273.55401611328125,17910600,0.0,0.0
2025-12-26,273.9037084592662,275.1125687682936,272.6049054553,273.1444091796875,21521800,0.0,0.0
2025-12-29,272.4350823114352,274.10350406329195,272.0954038139857,273.50408935546875,23715200,0.0,0.0
2025-12-30,272.5549704076282,273.82377221524894,272.02546707967076,272.82470703125,22139600,0.0,0.0
2025-12-31,272.80472532736104,273.42414083736213,271.49595243002375,271.6058349609375,27293600,0.0,0.0
2026-01-02,272.0054842546519,277.58025431004916,268.7485221479618,270.75665283203125,37838100,0.0,0.0
2026-01-05,270.38700744645297,271.25618925068443,265.89121426121545,267.0101623535156,45647200,0.0,0.0
2026-01-06,266.7503924619391,267.2998660934885,261.8749496989937,262.1147155761719,52352100,0.0,0.0
2026-01-07,262.95395138764474,263.4334831315393,259.56710600115036,260.08660888671875,48309800,0.0,0.0
2026-01-08,256.7797203952787,259.0476178563403,255.46096229095477,258.7978515625,50419300,0.0,0.0
2026-01-09,258.8377955175017,259.9667440583015,255.98048371428257,259.1275329589844,39997000,0.0,0.0
2026-01-12,258.9177364764393,261.05572011368304,256.5599267903311,260.0067138671875,45263800,0.0,0.0
2026-01-13,258.4781303943212,261.56523797230057,258.148452318208,260.8059387207031,45730800,0.0,0.0
2026-01-14,259.247418118488,261.57525710051715,256.4700180914029,259.71697998046875,40019400,0.0,0.0
2026-01-15,260.40631875644857,260.7959687899761,256.8096782083212,257.9685974121094,39388600,0.0,0.0
2026-01-16,257.6589020182799,258.6579671912775,254.69167723491495,255.29112243652344,72142800,0.0,0.0
2026-01-20,252.49373739571587,254.55180921698133,243.19244305608962,246.46937561035156,80267500,0.0,0.0
2026-01-21,248.46750904444812,251.3248360900433,244.9507953165175,247.41848754882812,54641700,0.0,0.0
2026-01-22,248.96703988447874,250.76536025794266,247.9180183962477,248.1178436279297,39708300,0.0,0.0
2026-01-23,247.08880782235642,249.17685039145397,244.45126111041233,247.80812072753906,41689000,0.0,0.0
2026-01-26,251.24490015634893,256.32015295784896,249.5664780183616,255.17123413085938,55969200,0.0,0.0
2026-01-27,258.92771692213245,261.70511669708895,257.96859246831417,258.0285339355469,49648300,0.0,0.0
2026-01-28,257.409147241713,258.61800761819165,254.27208306792676,256.2002868652344,41288000,0.0,0.0
2026-01-29,257.75880668092503,259.4072580677027,254.17216647920577,258.0385437011719,67253000,0.0,0.0
2026-01-30,254.93144331105526,261.6551472598355,251.94423313215475,259.2374267578125,92443400,0.0,0.0
2026-02-02,259.7869174093499,270.2371306501278,258.9676766447768,269.7575988769531,73913400,0.0,0.0
2026-02-03,268.9483513556569,271.6258386480508,267.3598109321867,269.22808837890625,64394700,0.0,0.0
2026-02-04,272.03545112075,278.68922850453845,272.03545112075,276.23150634765625,90545700,0.0,0.0
2026-02-05,277.86999494352693,279.2387093202658,272.97458180817284,275.6520690917969,52977400,0.0,0.0
2026-02-06,276.8609202349588,280.6473855638201,276.67109542368036,277.8599853515625,50453400,0.0,0.0
2026-02-09,277.9100036621094,278.20001220703125,271.70001220703125,274.6199951171875,44623400,0.26,0.0
2026-02-10,274.8900146484375,275.3699951171875,272.94000244140625,273.67999267578125,34376900,0.0,0.0
2026-02-11,274.70001220703125,280.17999267578125,274.45001220703125,275.5,51931300,0.0,0.0
2026-02-12,275.5899963378906,275.7200012207031,260.17999267578125,261.7300109863281,81077200,0.0,0.0
2026-02-13,262.010009765625,262.2300109863281,255.4499969482422,255.77999877929688,56290700,0.0,0.0
2026-02-17,258.04998779296875,266.2900085449219,255.5399932861328,263.8800048828125,58469100,0.0,0.0
2026-02-18,263.6000061035156,266.82000732421875,262.45001220703125,264.3500061035156,34203300,0.0,0.0
2026-02-19,262.6000061035156,264.4800109863281,260.04998779296875,260.5799865722656,30845300,0.0,0.0
2026-02-20,258.9700012207031,264.75,258.1600036621094,264.5799865722656,42070500,0.0,0.0
2026-02-23,263.489990234375,269.42999267578125,263.3800048828125,266.17999267578125,37308200,0.0,0.0
2026-02-24,267.8599853515625,274.8900146484375,267.7099914550781,272.1400146484375,47014600,0.0,0.0
2026-02-25,271.7799987792969,274.94000244140625,271.04998779296875,274.2300109863281,33714300,0.0,0.0
2026-02-26,274.95001220703125,276.1099853515625,270.79998779296875,272.95001220703125,32345100,0.0,0.0
2026-02-27,272.80999755859375,272.80999755859375,262.8900146484375,264.17999267578125,72366500,0.0,0.0
2026-03-02,262.4100036621094,266.5299987792969,260.20001220703125,264.7200012207031,41827900,0.0,0.0
2026-03-03,263.4800109863281,265.55999755859375,260.1300048828125,263.75,38568900,0.0,0.0
2026-03-04,264.6499938964844,266.1499938964844,261.4200134277344,262.5199890136719,39803100,0.0,0.0
2026-03-05,260.7900085449219,261.55999755859375,257.25,260.2900085449219,49658600,0.0,0.0
2026-03-06,258.6300048828125,258.7699890136719,254.3699951171875,257.4599914550781,41120000,0.0,0.0
2026-03-09,255.69000244140625,261.1499938964844,253.67999267578125,259.8800048828125,38218500,0.0,0.0
2026-03-10,257.6499938964844,262.4800109863281,256.95001220703125,260.8299865722656,30590800,0.0,0.0
2026-03-11,261.0899963378906,262.1300048828125,259.54998779296875,260.80999755859375,26218900,0.0,0.0
2026-03-12,258.6600036621094,258.95001220703125,254.17999267578125,255.75999450683594,40794000,0.0,0.0
2026-03-13,255.47999572753906,256.3299865722656,249.52000427246094,250.1199951171875,36930000,0.0,0.0
2026-03-16,252.11000061035156,253.88999938964844,249.8800048828125,252.82000732421875,32074200,0.0,0.0
2026-03-17,252.9600067138672,255.1300048828125,252.17999267578125,254.22999572753906,32361600,0.0,0.0
2026-03-18,252.6300048828125,254.94000244140625,249.0,249.94000244140625,35757900,0.0,0.0
2026-03-19,249.39999389648438,251.8300018310547,247.3000030517578,248.9600067138672,34864100,0.0,0.0
2026-03-20,247.97999572753906,249.1999969482422,246.0,247.99000549316406,88331100,0.0,0.0
2026-03-23,253.97000122070312,254.60000610351562,250.27999877929688,251.49000549316406,40546100,0.0,0.0
2026-03-24,250.35000610351562,254.8300018310547,249.5500030517578,251.63999938964844,45152300,0.0,0.0
2026-03-25,254.10000610351562,255.0,251.60000610351562,252.6199951171875,28476700,0.0,0.0
2026-03-26,252.1199951171875,257.0,250.77000427246094,252.88999938964844,41796700,0.0,0.0
2026-03-27,253.89999389648438,255.49000549316406,248.07000732421875,248.8000030517578,47900000,0.0,0.0
2026-03-30,250.07000732421875,250.8699951171875,245.50999450683594,246.6300048828125,39446200,0.0,0.0
2026-03-31,247.91000366210938,255.47999572753906,247.10000610351562,253.7899932861328,49598100,0.0,0.0
2026-04-01,254.0800018310547,256.17999267578125,253.3300018310547,255.6300048828125,40059400,0.0,0.0
2026-04-02,254.1999969482422,256.1300048828125,250.64999389648438,255.9199981689453,31289400,0.0,0.0
2026-04-06,256.510009765625,262.1600036621094,256.4599914550781,258.8599853515625,29329900,0.0,0.0
2026-04-07,256.1600036621094,256.20001220703125,245.6999969482422,253.5,62148000,0.0,0.0
2026-04-08,258.45001220703125,259.75,256.5299987792969,258.8999938964844,41032800,0.0,0.0
2026-04-09,259.0,261.1199951171875,256.07000732421875,260.489990234375,28121600,0.0,0.0
2026-04-10,259.9800109863281,262.19000244140625,259.0199890136719,260.4800109863281,31291500,0.0,0.0
2026-04-13,259.7300109863281,260.17999267578125,256.6600036621094,259.20001220703125,36234700,0.0,0.0
2026-04-14,259.25,261.92999267578125,257.19000244140625,258.8299865722656,48370700,0.0,0.0
2026-04-15,258.1600036621094,266.55999755859375,257.80999755859375,266.42999267578125,49913500,0.0,0.0
2026-04-16,266.79998779296875,267.1600036621094,261.2699890136719,263.3999938964844,43323100,0.0,0.0
2026-04-17,266.9599914550781,272.29998779296875,266.7200012207031,270.2300109863281,61436200,0.0,0.0
2026-04-20,270.3299865722656,274.2799987792969,270.2900085449219,273.04998779296875,36590200,0.0,0.0
2026-04-21,271.5,272.79998779296875,265.3999938964844,266.1700134277344,50209800,0.0,0.0
2026-04-22,267.82000732421875,273.739990234375,266.8699951171875,273.1700134277344,43249200,0.0,0.0
2026-04-23,275.04998779296875,275.7699890136719,271.6499938964844,273.42999267578125,33399600,0.0,0.0
2026-04-24,272.760009765625,273.05999755859375,269.6499938964844,271.05999755859375,38157100,0.0,0.0
2026-04-27,266.0899963378906,268.3599853515625,265.07000732421875,267.6099853515625,41466800,0.0,0.0
2026-04-28,272.3399963378906,273.2300109863281,268.6600036621094,270.7099914550781,40018900,0.0,0.0
2026-04-29,267.54998779296875,271.0400085449219,267.0400085449219,270.1700134277344,30047900,0.0,0.0
2026-04-30,270.5,276.0,268.1400146484375,271.3500061035156,91848200,0.0,0.0
2026-05-01,278.8599853515625,287.2200012207031,278.3699951171875,280.1400146484375,79844600,0.0,0.0
