Date,Open,High,Low,Close,Volume,Dividends,Stock Splits
2021-05-03,128.6063403344398,130.5835645811877,128.40180963228673,129.0933380126953,75135100,0.0,0.0
2021-05-04,127.77847859118502,128.07068022860358,123.40523322106765,124.52532958984375,137564700,0.0,0.0
2021-05-05,125.84023856195147,127.05773315883954,124.6422280399721,124.76885223388672,84000900,0.0,0.0
2021-05-06,124.5643128982338,126.37594554444907,123.82407406523244,126.3662109375,78128300,0.0,0.0
2021-05-07,127.66379062246624,128.0637957522919,126.3271401858517,127.03937530517578,78973300,0.22,0.0
2021-05-10,126.25886120807223,126.38568557584613,123.72216543128324,123.76119232177734,88071200,0.0,0.0
2021-05-11,120.492788250042,123.19533577203656,119.7805603965293,122.84410858154297,126142800,0.0,0.0
2021-05-12,120.39519702699735,121.60500079746393,119.27319817304675,119.78053283691406,112172300,0.0,0.0
2021-05-13,121.5464761686261,123.0782463378904,121.23426847309511,121.9269790649414,105861300,0.0,0.0
2021-05-14,123.17581112527975,124.77587651193251,122.78554964091157,124.34658813476562,81918000,0.0,0.0
2021-05-17,123.73193826034131,123.83926036065176,122.12211419930365,123.19532775878906,74244600,0.0,0.0
2021-05-18,123.47826668103308,123.89779649597985,121.74161080080381,121.80990600585938,63342900,0.0,0.0
2021-05-19,120.16106519010208,121.8782039395482,119.86836719410006,121.65380859375,92612000,0.0,0.0
2021-05-20,122.18065274217139,124.61001915730156,122.05381347828964,124.20999908447266,76857100,0.0,0.0
2021-05-21,124.70757329750661,124.88319058200729,122.16112639405591,122.37577056884766,79295400,0.0,0.0
2021-05-24,122.94164921888921,124.82465387319235,122.87335402183648,124.0051040649414,63092900,0.0,0.0
2021-05-25,124.70758616767343,125.19541862484827,123.24411112700588,123.80998992919922,72009500,0.0,0.0
2021-05-26,123.86851440973157,124.28804417802037,123.34166255348855,123.76119232177734,56575900,0.0,0.0
2021-05-27,123.3611810284224,124.5319579811851,122.03429651202822,122.22942352294922,94625600,0.0,0.0
2021-05-28,122.51237540484098,122.73677818956268,121.51721563777299,121.57575225830078,71311100,0.0,0.0
2021-06-01,122.03430717883234,122.2977294109628,120.92206674340329,121.2537841796875,67637100,0.0,0.0
2021-06-02,121.253779962891,122.19040306312083,121.02938463288338,122.01478576660156,59278900,0.0,0.0
2021-06-03,121.64403199734149,121.80989069682863,120.13177164794705,120.53179168701172,76229200,0.0,0.0
2021-06-04,121.04888711847525,123.08799935298282,120.83424294183042,122.82456970214844,75169300,0.0,0.0
2021-06-07,123.09777284097717,123.24412184649682,121.79040526387277,122.8343505859375,71057600,0.0,0.0
2021-06-08,123.51727161368726,125.331988404536,123.13676876123085,123.65386199951172,74403800,0.0,0.0
2021-06-09,124.11241656746353,124.63926837987677,123.43921578877699,124.03436279296875,56877900,0.0,0.0
2021-06-10,123.9270603510902,125.06857651400928,122.87336400291547,123.03922271728516,71186400,0.0,0.0
2021-06-11,123.44899075181716,124.33683580636276,123.02946096276283,124.2490234375,53522400,0.0,0.0
2021-06-14,124.70757800792384,127.36133965538929,123.97584053546844,127.30280303955078,96906500,0.0,0.0
2021-06-15,126.77595142885431,127.41988394107798,126.23934100200125,126.4832534790039,62746300,0.0,0.0
2021-06-16,127.19548678307785,127.7028289556805,125.33200658203938,126.98084259033203,91815000,0.0,0.0
2021-06-17,126.63939825744673,129.3224362930399,126.49304179588825,128.5809326171875,96721700,0.0,0.0
2021-06-18,127.52723008894328,128.30773825283313,127.06867335467656,127.28331756591797,108953300,0.0,0.0
2021-06-21,127.12722136946698,129.1858438437529,126.06376624672313,129.07852172851562,79663300,0.0,0.0
2021-06-22,128.91263161271146,130.8151460223462,128.4150406144124,130.7175750732422,74783600,0.0,0.0
2021-06-23,130.51269961588608,131.04931007255976,129.98584029942936,130.44439697265625,60214200,0.0,0.0
2021-06-24,131.17613794325877,131.36151382298493,129.69314579268672,130.16146850585938,68711000,0.0,0.0
2021-06-25,130.21025787505408,130.6297802366699,129.5760764313894,129.8687744140625,70783700,0.0,0.0
2021-06-28,130.1614570490265,131.95664929646315,130.10292043684166,131.4980926513672,62111300,0.0,0.0
2021-06-29,131.51758729616188,133.16643773077968,131.07854789272267,133.0103302001953,64556100,0.0,0.0
2021-06-30,132.8542586809143,134.0640700400228,132.56156070353867,133.62503051757812,63261400,0.0,0.0
2021-07-01,133.27380646927242,133.98602685703514,132.45424909031448,133.927490234375,52485800,0.0,0.0
2021-07-02,134.54215013282746,136.59102140885628,134.39580856478537,136.552001953125,78852600,0.0,0.0
2021-07-06,136.65931393358588,139.6643030810213,136.65931393358588,138.56182861328125,108181800,0.0,0.0
2021-07-07,140.04479519196917,141.3619286538461,139.1862333107396,141.0497283935547,104911600,0.0,0.0
2021-07-08,138.13252320539087,140.55213093920304,137.24467816832617,139.75210571289062,105575500,0.0,0.0
2021-07-09,139.27401905419063,142.1033977245654,139.17644811221814,141.57655334472656,99890800,0.0,0.0
2021-07-12,142.64981360326175,142.75713571421414,140.49362024221452,140.9814453125,76299700,0.0,0.0
2021-07-13,140.5228614286861,143.86934850619764,140.1326074026889,142.09365844726562,100827100,0.0,0.0
2021-07-14,144.49375275658443,145.92795926693185,144.08396670742601,145.51817321777344,127050800,0.0,0.0
2021-07-15,145.6059901139749,146.34747864637848,143.50833398770226,144.86448669433594,106820300,0.0,0.0
2021-07-16,144.84501166670194,146.11334481046933,142.32783277394142,142.82540893554688,93251400,0.0,0.0
2021-07-19,140.24965567301865,140.56187074804143,138.22030234707313,138.98130798339844,121434600,0.0,0.0
2021-07-20,139.96676145319105,143.518127007473,139.47893643261804,142.59124755859375,96350000,0.0,0.0
2021-07-21,141.9863363279922,142.57173225410514,141.10825732605966,141.8594970703125,74993500,0.0,0.0
2021-07-22,142.38632818516166,144.59129128070637,142.25948895259933,143.2253875732422,77338200,0.0,0.0
2021-07-23,143.95717990319216,145.09868877076016,143.34251555633264,144.9425811767578,71447400,0.0,0.0
2021-07-26,144.65963709619385,146.18164879238583,144.1035094217646,145.3621063232422,72434100,0.0,0.0
2021-07-27,145.48893575716545,145.57675557902394,142.00587269876928,143.1961669921875,104818600,0.0,0.0
2021-07-28,141.28386358886817,143.39127100475073,139.06913408549428,141.44972229003906,118931200,0.0,0.0
2021-07-29,141.16679397009463,142.98150347673163,141.05947187985987,142.09365844726562,56699500,0.0,0.0
2021-07-30,140.86439137179315,142.7669064292898,140.60096162929617,142.308349609375,70440600,0.0,0.0
2021-08-02,142.7961507964113,143.3717807887823,141.7131785780533,141.9766082763672,62880000,0.0,0.0
2021-08-03,142.25954411950144,144.43523975697417,141.64487976916462,143.7718048095703,64786600,0.0,0.0
2021-08-04,143.6839649919127,144.191292221281,142.7180662311683,143.3717498779297,56368300,0.0,0.0
2021-08-05,143.40102641721816,144.24008597517638,142.61075233452527,143.4790802001953,46397700,0.0,0.0
2021-08-06,143.0003050001657,143.74290453377364,142.29678337483543,142.79510498046875,54126800,0.22,0.0
2021-08-09,142.853744492803,143.34230040071924,142.18931561461758,142.7462615966797,48908700,0.0,0.0
2021-08-10,143.08824157374232,144.32917762337323,141.97433481779836,142.26747131347656,69023100,0.0,0.0
2021-08-11,142.70715322469806,143.36181621242878,142.19905101424288,142.52149963378906,48493500,0.0,0.0
2021-08-12,142.8439937943236,145.63853447846216,142.50199865892714,145.48219299316406,72282600,0.0,0.0
2021-08-13,145.56031813141018,146.01956178212575,144.87634298445295,145.68734741210938,59375000,0.0,0.0
2021-08-16,145.1401825389347,147.72953779617734,143.117568833467,147.6611328125,103296000,0.0,0.0
2021-08-17,146.79148879708086,148.20829780218608,145.67758203815535,146.75241088867188,92229700,0.0,0.0
2021-08-18,146.37133747643588,147.2702784625577,142.8048707810112,143.01007080078125,86326000,0.0,0.0
2021-08-19,141.71051038649435,144.61253336364982,141.1926423719419,143.34228515625,86960300,0.0,0.0
2021-08-20,144.06535347049768,145.10108950161558,143.42045616108942,144.79818725585938,60549600,0.0,0.0
2021-08-23,144.91545125791524,146.7524262457425,144.50506608373868,146.28341674804688,60131800,0.0,0.0
2021-08-24,146.02934262692168,147.40707372149436,145.73620613091066,146.19544982910156,48606400,0.0,0.0
2021-08-25,146.38107262063713,146.8794090317968,144.41708385708912,144.96426391601562,58991300,0.0,0.0
2021-08-26,144.95454377317253,145.70690913613237,144.13375851701343,144.16307067871094,48597200,0.0,0.0
2021-08-27,144.10444664756716,145.34538283026907,143.46932993010927,145.19882202148438,55802400,0.0,0.0
2021-08-30,145.58966053577964,149.97689795560206,145.20858752404757,149.6153564453125,90956700,0.0,0.0
2021-08-31,149.16587817080352,149.3026732146875,147.8272249811444,148.35487365722656,86453100,0.0,0.0
2021-09-01,149.33201585532615,151.4328005101191,148.85322564922996,149.0193328857422,80313700,0.0,0.0
2021-09-02,150.34815971820325,151.1787105563669,148.91180444862712,150.13319396972656,71115500,0.0,0.0
2021-09-03,150.24067718201943,151.09077442910467,149.58601418638187,150.76832580566406,57808700,0.0,0.0
2021-09-07,151.42301943650597,153.660598936694,150.85629279363835,153.10365295410156,82278300,0.0,0.0
2021-09-08,153.38697789342345,153.4456022050819,150.45564303417842,151.55978393554688,74420200,0.0,0.0
2021-09-09,151.9310756713578,152.53688004294122,150.42631558063064,150.5435791015625,57305700,0.0,0.0
2021-09-10,151.45229981917254,151.92130921813492,145.296493683324,145.56031799316406,140893200,0.0,0.0
2021-09-13,147.18232700871462,147.9542386226374,145.3453524055779,146.12704467773438,102404300,0.0,0.0
2021-09-14,146.9087519585389,147.61227358439965,143.5474852815467,144.7297821044922,109296300,0.0,0.0
2021-09-15,145.15971382126716,146.0195769004921,143.01983678244974,145.61895751953125,83281300,0.0,0.0
2021-09-16,145.0424802595639,145.56034832894838,143.85040265204483,145.38446044921875,68034100,0.0,0.0
2021-09-17,145.41378761722353,145.41378761722353,142.4238129361749,142.71694946289062,129868800,0.0,0.0
2021-09-20,140.50868223734292,141.52487196661303,138.0365905336095,139.66836547851562,123478900,0.0,0.0
2021-09-21,140.6356964105484,141.29037444715544,139.51202378684255,140.1471405029297,75834000,0.0,0.0
2021-09-22,141.14379903633161,143.07847626004042,140.41096517330857,142.5117645263672,76404300,0.0,0.0
2021-09-23,143.29342671393508,143.71359250338787,142.30654925147212,143.4693145751953,64838200,0.0,0.0
2021-09-24,142.326080458617,144.09465008430436,142.22836333396052,143.55723571777344,53477900,0.0,0.0
2021-09-27,142.14045701354505,142.6192471706429,140.52822848156046,142.04273986816406,74150700,0.0,0.0
2021-09-28,139.9712677848058,141.43693551030117,138.44697573581755,138.6619415283203,108972300,0.0,0.0
2021-09-29,139.20907605697715,141.1437526447908,138.77914461312116,139.5608367919922,74602000,0.0,0.0
2021-09-30,140.37187163149707,141.075393254431,138.04634099404652,138.2613067626953,89056700,0.0,0.0
2021-10-01,138.65216064526572,139.64881887167329,135.9260252404235,139.38499450683594,94639600,0.0,0.0
2021-10-04,138.51538125819243,138.95509355251514,135.1052701786628,135.95535278320312,98322000,0.0,0.0
2021-10-05,136.29730248452776,138.9843593851802,136.1702732054442,137.88021850585938,80861100,0.0,0.0
2021-10-06,136.27780121386797,138.89645401323804,135.20297213380132,138.74989318847656,83221100,0.0,0.0
2021-10-07,139.78561391612965,140.91906720020722,139.4533994772065,140.01034545898438,61732700,0.0,0.0
2021-10-08,140.73341358342566,140.87997439192273,139.2970580219821,139.6292724609375,58773200,0.0,0.0
2021-10-11,139.01368703802868,141.49554421911762,138.56420909161307,139.54132080078125,64452200,0.0,0.0
2021-10-12,139.95170571768443,139.97125212650982,137.81182869231796,138.2710723876953,73035900,0.0,0.0
2021-10-13,138.00729369519374,138.16362027198588,136.01397701826,137.68484497070312,78762700,0.0,0.0
2021-10-14,138.85736070158842,140.58685278975153,138.27108764845218,140.46958923339844,69907100,0.0,0.0
2021-10-15,140.47933964406647,141.58346561937512,140.22528108462743,141.52484130859375,67940300,0.0,0.0
2021-10-18,140.1666871499396,143.47909561279081,139.88333128324254,143.19573974609375,85589200,0.0,0.0
2021-10-19,143.64515740033994,145.75572183556673,143.19569445607436,145.3551025390625,76378900,0.0,0.0
2021-10-20,145.29652399244392,146.32249438069462,144.72979735027167,145.8437042236328,58418800,0.0,0.0
2021-10-21,145.40397653574416,146.2149809625118,144.48548923531962,146.0586395263672,61421000,0.0,0.0
2021-10-22,146.26387023963363,146.74264548774926,145.23789985010384,145.28675842285156,58883400,0.0,0.0
2021-10-25,145.27696242983234,145.95117189778182,144.24122639888336,145.23788452148438,50720600,0.0,0.0
2021-10-26,145.91209424092938,147.38752756365847,145.5994113354405,145.90232849121094,60893400,0.0,0.0
2021-10-27,145.94137570178864,146.3029021893665,145.09129345930518,145.44305419921875,56094900,0.0,0.0
2021-10-28,146.3908846714247,149.66419997930225,146.29316753585874,149.07794189453125,100077900,0.0,0.0
2021-10-29,143.85035788477583,146.50810238824585,143.05889994615762,146.37130737304688,124953200,0.0,0.0
2021-11-01,145.57984926191588,146.27359008476768,144.41708417933333,145.550537109375,74588300,0.0,0.0
2021-11-02,145.25747654306804,148.10087610096022,145.24769588075364,146.5863494873047,69122000,0.0,0.0
2021-11-03,146.94783044977856,148.49166875101167,146.39088452432864,148.0226593017578,54511500,0.0,0.0
2021-11-04,148.11056510993245,148.9411009512701,147.1920779010685,147.5047607421875,60394600,0.0,0.0
2021-11-05,148.63012712450208,148.93347149692437,146.83940090236302,148.03321838378906,65463900,0.22,0.0
2021-11-08,148.16045633867628,148.31702601716918,146.93728372164998,147.21127319335938,55020900,0.0,0.0
2021-11-09,146.97637928946335,148.17997664131613,146.83938459031998,147.5732879638672,56787900,0.0,0.0
2021-11-10,146.8002509889988,146.9078907486886,144.67682566721112,144.7453155517578,65187100,0.0,0.0
2021-11-11,145.76299817171153,146.22289720379737,144.51045604306032,144.69638061523438,41000000,0.0,0.0
2021-11-12,145.24438797954153,147.17210903147864,144.31477986704056,146.7709197998047,63804000,0.0,0.0
2021-11-15,147.14273967083543,148.620341460146,146.22291165316477,146.7806854248047,59222800,0.0,0.0
2021-11-16,146.72196856987298,148.23870523347338,146.1348398835429,147.75921630859375,59256200,0.0,0.0
2021-11-17,147.75917577688946,151.67332612859514,147.7493957762777,150.19573974609375,88807000,0.0,0.0
2021-11-18,150.411059635024,155.2645990140686,149.7652210699027,154.4817657470703,137827700,0.0,0.0
2021-11-19,154.26649442831288,157.56417731455713,153.17053675502055,157.10426330566406,117305600,0.0,0.0
2021-11-22,158.20997149701574,162.14369731452808,157.54457301404287,157.56414794921875,117467900,0.0,0.0
2021-11-23,157.66203166951047,158.3274452479913,155.6462458566702,157.94581604003906,96041900,0.0,0.0
2021-11-24,157.2999692591092,158.66013635871653,156.2137915801923,158.4644317626953,69463600,0.0,0.0
2021-11-26,156.14527755829806,157.00638063396804,153.00416477836077,153.4445037841797,76959800,0.0,0.0
2021-11-29,155.94955010034442,157.7304958999759,155.38199643665857,156.80088806152344,88748200,0.0,0.0
2021-11-30,156.55627065978888,161.9675835913138,156.48776584559891,161.75230407714844,174048100,0.0,0.0
2021-12-01,163.88553311945805,166.64501732963333,160.99884912795645,161.23370361328125,152052500,0.0,0.0
2021-12-02,155.33309702351337,160.6759050938818,154.4132690949476,160.24534606933594,136739200,0.0,0.0
2021-12-03,160.49976670029744,161.4195945786872,156.29205136899398,158.36654663085938,118023100,0.0,0.0
2021-12-06,160.76395823883925,164.27692006238982,160.75417823673777,161.77186584472656,107497000,0.0,0.0
2021-12-07,165.45116789916563,167.89751232351225,164.72704457429052,167.50608825683594,120405400,0.0,0.0
2021-12-08,168.4357343791699,172.18353634737676,167.03641741062992,171.32241821289062,116998900,0.0,0.0
2021-12-09,171.15603176332104,172.9565375380552,170.18727407030087,170.81353759765625,108923700,0.0,0.0
2021-12-10,171.4495967498973,175.77473158616564,170.94075296583623,175.5985870361328,115402700,0.0,0.0
2021-12-13,177.232738467209,178.22107107247726,171.7627164613835,171.9682159423828,153237000,0.0,0.0
2021-12-14,171.48873864529648,173.92530298904865,168.51399049049428,170.58848571777344,139380400,0.0,0.0
2021-12-15,171.35179699752268,175.64757840128232,168.6118874958098,175.45187377929688,131063300,0.0,0.0
2021-12-16,175.43225135839342,177.2523322197485,167.08532532021002,168.5629119873047,150185800,0.0,0.0
2021-12-17,166.2829122189755,169.74694420568176,166.0480727156741,167.46694946289062,195432700,0.0,0.0
2021-12-20,164.66832933666538,166.91896912005944,163.86593615587674,166.10678100585938,107499100,0.0,0.0
2021-12-21,167.87793543850688,169.48273676499653,165.49030091905374,169.27725219726562,91185900,0.0,0.0
2021-12-22,169.32617236411534,172.08565609490324,168.45527432954148,171.87037658691406,92135300,0.0,0.0
2021-12-23,172.07589419886108,173.05443209039555,171.50834043001467,172.4966583251953,68356600,0.0,0.0
2021-12-27,173.28926405046633,176.54779687853835,173.26970404402934,176.45973205566406,74919600,0.0,0.0
2021-12-28,176.293354548695,177.4382418590108,174.69833332933095,175.4420166015625,79144300,0.0,0.0
2021-12-29,175.48120622634931,176.75330850310786,174.31674371757737,175.53013610839844,62348900,0.0,0.0
2021-12-30,175.61820512711046,176.69460283265636,174.2678179931173,174.37545776367188,59773000,0.0,0.0
2021-12-31,174.2677857929612,175.38331824017646,173.45559766181222,173.7589569091797,64062300,0.0,0.0
2022-01-03,174.0133573614573,178.95497562988,173.89593761791699,178.1036376953125,104487900,0.0,0.0
2022-01-04,178.71037008888723,179.01371442958575,175.27569272230144,175.84324645996094,99310400,0.0,0.0
2022-01-05,175.7551772531539,176.3031560396219,170.89184312629723,171.16583251953125,94537600,0.0,0.0
2022-01-06,168.99347567343597,171.53767993498516,167.95622799076347,168.30850219726562,96904000,0.0,0.0
2022-01-07,169.1794172582698,170.40258963561612,167.35933616352636,168.47486877441406,86709100,0.0,0.0
2022-01-10,165.45113235821407,168.79772902007366,164.56065959552413,168.494384765625,106765600,0.0,0.0
2022-01-11,168.62165897014336,171.42026304461638,167.1538521125257,171.32241821289062,76138300,0.0,0.0
2022-01-12,172.34010543507006,173.3773533119361,171.06801799743715,171.7627716064453,74805200,0.0,0.0
2022-01-13,172.00733102085005,172.82929898734926,168.10296078303142,168.494384765625,84505800,0.0,0.0
2022-01-14,167.66266389110206,170.05029852382498,167.4180294399018,169.3555450439453,80440800,0.0,0.0
2022-01-18,167.82902257608225,168.83691537487223,165.77410203397278,166.15573120117188,90956700,0.0,0.0
2022-01-19,166.35141442818917,167.40823697043027,162.3785536255594,162.66232299804688,94815000,0.0,0.0
2022-01-20,163.3962376065405,166.03828667936338,160.65632878123083,160.979248046875,91420500,0.0,0.0
2022-01-21,160.8911718694381,162.76018251834915,158.81667665863466,158.92431640625,122848900,0.0,0.0
2022-01-24,156.58562410189697,158.81668910799385,151.37979580013618,158.15127563476562,162294600,0.0,0.0
2022-01-25,155.56793581393717,159.26680751652682,153.65001008067688,156.35076904296875,115798400,0.0,0.0
2022-01-26,159.99093736491258,160.8618354481178,154.43284958250229,156.26271057128906,108275300,0.0,0.0
2022-01-27,158.96349957568594,160.3236668366123,154.88299779290693,155.80282592773438,121954600,0.0,0.0
2022-01-28,162.15350702087153,166.69392186078738,159.30595841103175,166.67434692382812,179935700,0.0,0.0
2022-01-31,166.5079991576081,171.24411862639118,165.87194061535732,171.02883911132812,115541600,0.0,0.0
2022-02-01,170.27538954650115,171.08757786653237,168.6118779567779,170.86251831054688,86213900,0.0,0.0
2022-02-02,170.99945285212843,172.10520516503925,169.60993119295432,172.06605529785156,84914300,0.0,0.0
2022-02-03,170.7352853699913,172.4575215973305,168.42593537257994,169.18919372558594,89418100,0.0,0.0
2022-02-04,168.20943659012812,170.58052881162243,167.22965185244007,168.90509033203125,82465400,0.22,0.0
2022-02-07,169.36555780513737,170.43351937589156,167.49416572772904,168.1898193359375,77251200,0.0,0.0
2022-02-08,168.25837758980256,171.80520742660315,167.96443926792173,171.29571533203125,74829200,0.0,0.0
2022-02-09,172.49106914991745,173.07893089654075,171.36430797248656,172.71641540527344,71285000,0.0,0.0
2022-02-10,170.61965636290995,171.9325638827204,168.08201833200982,168.64048767089844,90865900,0.0,0.0
2022-02-11,168.846288443205,169.5811269216294,164.64300397443432,165.2308807373047,98670700,0.0,0.0
2022-02-14,163.98651932384257,166.1518495458794,163.19289630795137,165.46600341796875,86185500,0.0,0.0
2022-02-15,167.51375134007887,169.45372039657573,166.80830532856646,169.2969512939453,62527400,0.0,0.0
2022-02-16,168.37596721528965,169.83583650795123,166.612352178537,169.0618133544922,61177400,0.0,0.0
2022-02-17,167.57253401447812,168.43474911832254,165.06428820364812,165.46600341796875,69589300,0.0,0.0
2022-02-18,166.38699918366942,167.0924302194162,162.83037691642315,163.91793823242188,82772700,0.0,0.0
2022-02-22,161.64483056360834,163.32026851174712,158.872038841447,160.99818420410156,91162800,0.0,0.0
2022-02-23,162.19351371308113,162.79118283457873,156.5205682404435,156.8341064453125,90009200,0.0,0.0
2022-02-24,149.49556312740296,159.55795697723642,148.9272861624803,159.45018005371094,141147500,0.0,0.0
2022-02-25,160.5278794584224,161.78200234869726,157.61791846840168,161.51747131347656,91974200,0.0,0.0
2022-02-28,159.76365924798694,162.07595128148682,159.14639022474867,161.78201293945312,95056600,0.0,0.0
2022-03-01,161.37050993245586,163.23210951924372,158.69570233786408,159.9008331298828,83474400,0.0,0.0
2022-03-02,161.0667710705488,163.97673219026618,159.65587901852524,163.19290161132812,79724800,0.0,0.0
2022-03-03,165.06429046074288,165.49539801856008,162.20332160924863,162.86956787109375,76678400,0.0,0.0
2022-03-04,161.16475211398938,162.2033212553789,158.82306783943153,159.87142944335938,83737200,0.0,0.0
2022-03-07,160.05763556238298,161.68408181721537,155.82495831371006,156.0797119140625,96418800,0.0,0.0
2022-03-08,155.60937048225745,159.58729287941838,152.65041731502816,154.25726318359375,131148300,0.0,0.0
2022-03-09,158.2156144765831,160.10660654613918,156.1874681101056,159.65589904785156,91454900,0.0,0.0
2022-03-10,156.96149116992498,157.1476526374479,152.82679892923494,155.31546020507812,105342000,0.0,0.0
2022-03-11,155.71714267170483,156.06007322521145,151.37670453340775,151.60205078125,96970100,0.0,0.0
2022-03-14,148.38837253642478,151.00439558659642,147.06567231572745,147.5751495361328,108732100,0.0,0.0
2022-03-15,147.8494883910694,152.4250955746164,147.34001116939965,151.9547882080078,92964300,0.0,0.0
2022-03-16,153.87515407206308,156.76551526978483,151.33751588171134,156.36380004882812,102300200,0.0,0.0
2022-03-17,155.40363939181822,157.74532403885397,154.4434546489776,157.3730010986328,75615400,0.0,0.0
2022-03-18,157.2652159266267,161.15496186500974,156.53037749922927,160.66506958007812,123511700,0.0,0.0
2022-03-21,160.20455132045697,162.98715054298916,159.71465909153343,162.03675842285156,95811400,0.0,0.0
2022-03-22,162.1641422669517,165.99510360566663,161.57628048257416,165.40724182128906,81532000,0.0,0.0
2022-03-23,164.5940116285297,169.15000379737148,164.2608735199057,166.76913452148438,98062700,0.0,0.0
2022-03-24,167.60194065734933,170.61967882805246,166.76913277034842,170.5511016845703,90131400,0.0,0.0
2022-03-25,170.36494232979024,171.73663471959298,169.25778100424003,171.18795776367188,80546200,0.0,0.0
2022-03-28,168.6895021580393,172.1775327221898,168.52294058057433,172.0501708984375,90371900,0.0,0.0
2022-03-29,173.11812439551318,175.39121664425457,172.7751938429614,175.3422393798828,100589400,0.0,0.0
2022-03-30,174.94054611178674,175.97911541230812,173.12793859273035,174.1763153076172,92633200,0.0,0.0
2022-03-31,174.24490046314256,174.43106194071976,170.87443883843048,171.0802001953125,103049300,0.0,0.0
2022-04-01,170.51188591642043,171.34470867552832,168.46414001265768,170.78622436523438,78751300,0.0,0.0
2022-04-04,171.04100211349504,174.88175589117134,170.91362533338986,174.832763671875,76468400,0.0,0.0
2022-04-05,173.9117489626708,174.6955795536943,170.8940109049415,171.5210723876953,73401800,0.0,0.0
2022-04-06,168.87566890286308,170.11999949152553,166.69075350018778,168.35638427734375,89058800,0.0,0.0
2022-04-07,167.69992580849703,169.85544881098227,166.41641045043957,168.6601104736328,77594700,0.0,0.0
2022-04-08,168.30737316185164,168.30737316185164,165.77952746373003,166.6515350341797,76575500,0.0,0.0
2022-04-11,165.29946088886413,165.61298417615765,162.1543458504195,162.3992919921875,72246700,0.0,0.0
2022-04-12,164.62341397476007,166.43600652884118,163.2713064320056,164.27069091796875,79265200,0.0,0.0
2022-04-13,164.00614545081112,167.58235330112555,163.39868377604554,166.95529174804688,70618900,0.0,0.0
2022-04-14,167.17086270518294,167.807731737905,161.7036622205432,161.9486083984375,75329400,0.0,0.0
2022-04-18,160.60627109784113,163.23210129361956,160.2633554980497,161.7330322265625,69023900,0.0,0.0
2022-04-19,161.6840380358106,164.4274375522312,160.59647667199232,164.0159149169922,67723800,0.0,0.0
2022-04-20,165.34841899344127,165.46600329408383,162.74220370933205,163.84934997558594,67929800,0.0,0.0
2022-04-21,165.4953937411617,168.062424195949,162.55604041418727,163.05572509765625,87227800,0.0,0.0
2022-04-22,163.0949084089232,164.47639297111272,158.2351714866705,158.51930236816406,84882400,0.0,0.0
2022-04-25,157.862880430984,159.87144172970685,155.2566649146805,159.58731079101562,96046400,0.0,0.0
2022-04-26,158.9700412464134,159.0582182667308,153.55183394880203,153.63021850585938,95623200,0.0,0.0
2022-04-27,152.75823050166923,156.55978483050606,152.2389458259476,153.40489196777344,88063200,0.0,0.0
2022-04-28,156.030686213781,161.19415486672693,155.717147988404,160.33193969726562,130216800,0.0,0.0
2022-04-29,158.5683119363977,162.84017274008735,154.0711048951049,154.4630126953125,131747600,0.0,0.0
2022-05-02,153.5420538968097,155.0313157503038,150.17159242252777,154.76678466796875,123055300,0.0,0.0
2022-05-03,154.95292717961667,157.46118829235783,153.15993453329665,156.25604248046875,88966500,0.0,0.0
2022-05-04,156.44219580516028,163.1145261346623,156.04048055543203,162.66383361816406,108256500,0.0,0.0
2022-05-05,160.53770657596968,160.76305283929582,151.8176149978829,153.600830078125,130525300,0.0,0.0
2022-05-06,153.0807759379822,156.44638259515347,151.28513392702433,154.32693481445312,116124600,0.23,0.0
2022-05-09,152.02103374851995,152.90414437032265,148.6456356183626,149.20492553710938,131577900,0.0,0.0
2022-05-10,152.599963074193,153.7970575708187,150.05858149525076,151.60891723632812,115366700,0.0,0.0
2022-05-11,150.61789721596364,152.53128118939546,143.07228159830737,143.74932861328125,142689800,0.0,0.0
2022-05-12,140.08936442340104,143.45495579096956,136.19390367446763,139.88330078125,182602000,0.0,0.0
2022-05-13,141.87516608975716,145.31927170624107,140.42295884876623,144.3478546142578,113990900,0.0,0.0
2022-05-16,142.8171643521235,144.7501769403197,141.4728772141811,142.80734252929688,86643800,0.0,0.0
2022-05-17,146.0650115425021,146.95792901438662,143.9259353445969,146.43788146972656,78336300,0.0,0.0
2022-05-18,144.09274359887067,144.59316242526515,137.27322514239307,138.17596435546875,109742900,0.0,0.0
2022-05-19,137.2536602280289,139.00023828873597,134.03524571353756,134.7711639404297,136095600,0.0,0.0
2022-05-20,136.47844306099526,138.05821430560903,130.12011571020568,135.00660705566406,137426100,0.0,0.0
2022-05-23,135.202898603089,140.57019707494348,135.0655277909443,140.4230194091797,117726300,0.0,0.0
2022-05-24,138.16612659120844,139.30434983958662,134.75147181836144,137.72457885742188,104132700,0.0,0.0
2022-05-25,135.83088251729689,139.12779700339118,135.74257591724066,137.88165283203125,92482700,0.0,0.0
2022-05-26,134.8103917996885,141.62989697300142,134.56508575048807,141.08041381835938,90601500,0.0,0.0
2022-05-27,142.6601657784012,146.869610416665,142.5326018592053,146.8303680419922,90978500,0.0,0.0
2022-05-31,146.2710719434681,147.8312145429356,144.08293159739236,146.04537963867188,103718400,0.0,0.0
2022-06-01,147.08544467274558,148.89090788101987,144.907126593916,145.9178009033203,74286600,0.0,0.0
2022-06-02,145.0543234657787,148.429735903567,144.10253513399695,148.37086486816406,72348100,0.0,0.0
2022-06-03,144.1417790773301,145.1916957944632,141.74760543511636,142.65032958984375,88570300,0.0,0.0
2022-06-06,144.2693764860653,145.78046996633253,142.17936438712687,143.39608764648438,71598400,0.0,0.0
2022-06-07,141.6396644479589,146.20234922339836,141.39435849288608,145.9178009033203,67808200,0.0,0.0
2022-06-08,145.79026939576806,147.05604181726716,144.6913032640919,145.18191528320312,53950200,0.0,0.0
2022-06-09,144.31844471982856,145.17210490927135,139.85387199936835,139.96180725097656,69473000,0.0,0.0
2022-06-10,137.64610169004794,138.117085018381,134.48655920841233,134.5552520751953,91437900,0.0,0.0
2022-06-13,130.37522601482007,132.6614796951245,128.9720829038409,129.40382385253906,122207100,0.0,0.0
2022-06-14,130.63038185886012,131.37610685696256,129.01135295389076,130.26731872558594,84784300,0.0,0.0
2022-06-15,131.7685967366082,134.76133366612893,129.67859928442957,132.88719177246094,91533000,0.0,0.0
2022-06-16,129.60009621204748,129.90427332336094,126.61716621170363,127.6180191040039,108123900,0.0,0.0
2022-06-17,127.62781429709099,130.58129318016776,127.37268647196602,129.08982849121094,134520300,0.0,0.0
2022-06-21,130.91488276345638,134.48653693745408,130.81676936295835,133.31887817382812,81000500,0.0,0.0
2022-06-22,132.2592024365102,135.17343948860204,131.395735327504,132.80870056152344,73409200,0.0,0.0
2022-06-23,134.25110181028134,135.98785785879153,133.08344262037107,135.6738739013672,72433800,0.0,0.0
2022-06-24,137.27324957478913,139.24551965514786,137.1457006192552,139.00021362304688,89116800,0.0,0.0
2022-06-27,140.02068012877845,140.79585557470105,138.32316657888146,139.00021362304688,70207900,0.0,0.0
2022-06-28,139.46137923230657,140.72715167094702,134.74169394010806,134.85943603515625,67083400,0.0,0.0
2022-06-29,134.87907356263912,138.02879459026983,134.1038981265762,136.61582946777344,66242400,0.0,0.0
2022-06-30,134.67297101745274,135.77193691877648,131.25831627242013,134.15292358398438,98964500,0.0,0.0
2022-07-01,133.48570492012948,136.42937688810812,133.11284998534265,136.32144165039062,71051600,0.0,0.0
2022-07-05,135.18325151505502,138.951148551157,134.35901187342057,138.90208435058594,73353800,0.0,0.0
2022-07-06,138.6960126584971,141.41399224615117,138.43107799720204,140.2365264892578,74064300,0.0,0.0
2022-07-07,140.59958423477383,143.79838414491758,140.58977738452884,143.60214233398438,66253700,0.0,0.0
2022-07-08,142.53259722881296,144.77960864232728,142.27748437099987,144.2791748046875,64547800,0.0,0.0
2022-07-11,142.93494583450993,143.8867346289315,141.0804324564474,142.14996337890625,63141600,0.0,0.0
2022-07-12,143.0232094985196,145.66270453987497,142.32654882035914,143.121337890625,77588800,0.0,0.0
2022-07-13,140.30522551606126,143.700252180436,139.4515504526769,142.75828552246094,71185600,0.0,0.0
2022-07-14,141.37475454509644,146.15331059436355,140.56033683517074,145.6823272705078,78140700,0.0,0.0
2022-07-15,146.96772607988603,148.0274497717396,145.41739039952375,147.35040283203125,76259900,0.0,0.0
2022-07-18,147.90974591488566,148.72416382298212,143.94559163866427,144.30865478515625,81420900,0.0,0.0
2022-07-19,145.14266864096726,148.3905180514349,144.15163767930207,148.1648406982422,82982400,0.0,0.0
2022-07-20,148.2825708215841,150.8337592919261,147.54665279809592,150.16651916503906,64823400,0.0,0.0
2022-07-21,151.5991200487024,152.64903699884627,149.08718880462706,152.43316650390625,65086600,0.0,0.0
2022-07-22,152.47240210045547,153.3456908921451,150.52958270466215,151.19680786132812,66675400,0.0,0.0
2022-07-25,151.1183116577891,152.12897123891142,149.42079823109208,150.07821655273438,53623900,0.0,0.0
2022-07-26,149.40118236976926,150.21560020375307,147.96860350790257,148.7535858154297,55138700,0.0,0.0
2022-07-27,149.71517016840275,154.37598449377768,149.3030578563077,153.8461151123047,78620700,0.0,0.0
2022-07-28,154.03256675700305,154.68017830567564,151.51082841353704,154.3956298828125,81378700,0.0,0.0
2022-07-29,158.21256599444197,160.5576907977121,156.5052308137223,159.45870971679688,101786900,0.0,0.0
2022-08-01,157.98688125382472,160.51844113720935,157.8691391572039,158.4774932861328,67829400,0.0,0.0
2022-08-02,157.0939978250213,159.36062329417274,156.6328212608233,157.00567626953125,59907000,0.0,0.0
2022-08-03,157.82008857109244,163.46212742924678,157.73178199101062,163.01077270507812,82507500,0.0,0.0
2022-08-04,162.89303446062004,164.05088687619767,161.34269832888046,162.69679260253906,55474100,0.0,0.0
2022-08-05,160.3680286094797,162.96205765324038,160.16167874542583,162.47076416015625,56697000,0.23,0.0
2022-08-08,163.47301089783898,164.88793871959618,161.3407986917232,161.99913024902344,60276900,0.0,0.0
2022-08-09,161.16392597706255,162.93258559805665,160.40732977942574,162.04824829101562,63135500,0.0,0.0
2022-08-10,164.7601663481459,166.39126422179922,163.99374975557845,166.2930145263672,70170500,0.0,0.0
2022-08-11,167.09876052441393,168.01257432763373,165.26132743753485,165.5561065673828,57149200,0.0,0.0
2022-08-12,166.8629587003345,169.1720295303759,166.4502588992338,169.10325622558594,68039400,0.0,0.0
2022-08-15,168.53333677957454,170.37076978453467,168.36629877849532,170.17425537109375,54091700,0.0,0.0
2022-08-16,169.77141253005902,170.6852264080059,168.6709196812625,170.01705932617188,56377100,0.0,0.0
2022-08-17,169.76157057327157,173.08270464114312,169.5650561598673,171.5105743408203,79542000,0.0,0.0
2022-08-18,170.7245248308653,171.85449410589086,170.10549010131544,171.1175537109375,62290100,0.0,0.0
2022-08-19,170.0170261568602,170.71466951867444,168.3269753298755,168.5333251953125,70346300,0.0,0.0
2022-08-22,166.73519456201245,166.90223255698254,164.22959465128477,164.65211486816406,69026800,0.0,0.0
2022-08-23,164.17065687050786,165.77227866474297,163.74813661491604,164.3180389404297,54147100,0.0,0.0
2022-08-24,164.40645810232692,165.18269520734955,163.35508285359487,164.61279296875,53841500,0.0,0.0
2022-08-25,165.84102594330326,167.1773448089003,165.4185207470986,167.0692596435547,51218200,0.0,0.0
2022-08-26,167.59989722186273,168.07153485537452,160.71195171096292,160.77090454101562,78961000,0.0,0.0
2022-08-29,158.34389469961232,160.06342201093398,157.03706713692557,158.5699005126953,73314000,0.0,0.0
2022-08-30,159.30682979347176,159.72933499269527,154.9736176696823,156.1428985595703,77906200,0.0,0.0
2022-08-31,157.51852057324083,157.78382326299328,154.403721562595,154.48233032226562,87991100,0.0,0.0
2022-09-01,153.91242016030444,155.66142374222144,151.97672265788725,155.20944213867188,74229900,0.0,0.0
2022-09-02,156.9682888748041,157.56766760419046,152.2715237467297,153.09689331054688,76957800,0.0,0.0
2022-09-06,153.74542449877808,154.35462378129557,151.01383320910836,151.83920288085938,73714800,0.0,0.0
2022-09-07,152.1241293530868,153.9419063408882,150.93519246411637,153.24427795410156,87449600,0.0,0.0
2022-09-08,151.94725947173376,153.6373103822705,150.02138227376568,151.77040100097656,84923800,0.0,0.0
2022-09-09,152.76280561990976,155.07189112050955,152.0553417641127,154.6297149658203,68028800,0.0,0.0
2022-09-12,156.81106723949068,161.39974706706778,156.52612358553827,160.58419799804688,104956000,0.0,0.0
2022-09-13,157.1156691952697,157.7445243311509,150.69937671737435,151.16119384765625,122656600,0.0,0.0
2022-09-14,152.0946413613245,154.3644300184662,150.9351958505273,152.6055908203125,87965400,0.0,0.0
2022-09-15,151.95710982916356,152.53684769230986,148.74406036714225,149.71681213378906,90481100,0.0,0.0
2022-09-16,148.57701100499813,148.7145726076231,145.78645207689314,148.0758819580078,162278800,0.0,0.0
2022-09-19,146.71006595451675,151.8686478234834,146.50373107588743,151.7900390625,81474200,0.0,0.0
2022-09-20,150.72886783406594,155.32738364566532,150.41444773199837,154.1679229736328,107689800,0.0,0.0
2022-09-21,154.600234046477,155.9758648340084,150.92536828428254,151.04327392578125,101696800,0.0,0.0
2022-09-22,149.72659039660394,151.780193333908,148.28218651419172,150.080322265625,86652500,0.0,0.0
2022-09-23,148.55732254844892,148.8324456934816,145.9731140864417,147.810546875,96029900,0.0,0.0
2022-09-26,147.05398109807987,151.09241446222893,147.03432515906897,148.1446533203125,93339400,0.0,0.0
2022-09-27,150.08036255735442,152.02588086273627,147.33893608818533,149.11741638183594,84442700,0.0,0.0
2022-09-28,145.06917659266318,148.016938253305,142.3179293774459,147.23086547851562,146691400,0.0,0.0
2022-09-29,143.55599938266687,144.16519866358385,138.23036343618654,139.9990234375,128138200,0.0,0.0
2022-09-30,138.819918971248,140.60823487907734,135.59703414181732,135.79354858398438,124925300,0.0,0.0
2022-10-03,135.80338333009652,140.57875771553063,135.29243378870405,139.96954345703125,114311700,0.0,0.0
2022-10-04,142.504593932989,143.67387488258018,141.7479977315321,143.55596923828125,87830100,0.0,0.0
2022-10-05,141.56136893422737,144.8137307149067,140.51981373267284,143.8507843017578,79471000,0.0,0.0
2022-10-06,143.2710319630231,144.9709035584296,142.69130913468942,142.89764404296875,68402200,0.0,0.0
2022-10-07,140.05797036356424,140.60823177983056,137.0217795686969,137.650634765625,85925600,0.0,0.0
2022-10-10,137.97486877441406,139.4192729060871,136.15709176712548,137.97486877441406,74899000,0.0,0.0
2022-10-11,137.4639147607023,138.88867789955424,135.8131758038938,136.5599365234375,77033700,0.0,0.0
2022-10-12,136.70734348798558,137.91592138284778,135.75423283314072,135.93109130859375,70433700,0.0,0.0
2022-10-13,132.6394403890868,141.08968060374895,132.03022618093473,140.50013732910156,113224000,0.0,0.0
2022-10-14,141.79714775053986,142.00349764686453,135.78371925254498,135.9704132080078,88598000,0.0,0.0
2022-10-17,138.61355854500806,140.41167960335844,137.82748592791265,139.9302215576172,85250900,0.0,0.0
2022-10-18,142.95659405664904,144.1455159806622,138.1615644966325,141.24688720703125,99136600,0.0,0.0
2022-10-19,139.22275323737964,142.42598143245377,139.03605931008337,141.35496520996094,61758300,0.0,0.0
2022-10-20,140.52962076392365,143.3496411342512,140.16605331698352,140.89317321777344,64522000,0.0,0.0
2022-10-21,140.38221977444553,145.2755145225026,140.16604940438248,144.7056121826172,86548600,0.0,0.0
2022-10-24,144.62698448602487,147.6140424012265,143.45770354454174,146.84762573242188,75981900,0.0,0.0
2022-10-25,147.47648086131204,149.83469868322362,146.75919654145045,149.6873016357422,74732300,0.0,0.0
2022-10-26,148.33134005875115,149.34340346890698,145.4621728259598,146.74937438964844,88194300,0.0,0.0
2022-10-27,145.49167413504986,146.45460526216635,141.6202786941001,142.2786102294922,109180200,0.0,0.0
2022-10-28,145.619406740808,154.75746986477446,145.24603383421282,153.0281219482422,164762400,0.0,0.0
2022-10-31,150.4930176480896,151.55421333060897,149.27460445858512,150.6698760986328,97943200,0.0,0.0
2022-11-01,152.37963325052954,152.74318573696127,146.5332420839713,148.02676391601562,80379300,0.0,0.0
2022-11-02,146.35634784769096,149.5202795588878,142.47513174028055,142.50460815429688,93604600,0.0,0.0
2022-11-03,139.58630459413143,140.3134243600425,136.33394407491397,136.46168518066406,97918500,0.0,0.0
2022-11-04,139.84739003185524,140.41823769444377,132.25908536615194,136.19595336914062,140814800,0.23,0.0
2022-11-07,134.94598671425354,136.95378268582516,133.52871190234,136.7274169921875,83374600,0.0,0.0
2022-11-08,138.1939045722533,139.19779504119253,135.31999290082103,137.2982635498047,89908500,0.0,0.0
2022-11-09,136.31407662091405,136.36329048249235,132.4657839221066,132.74136352539062,74917800,0.0,0.0
2022-11-10,139.0108242882595,144.5519561767578,137.2982811810409,144.5519561767578,118854000,0.0,0.0
2022-11-11,143.51854343102002,147.64240042758996,142.09141663457416,147.33729553222656,93979700,0.0,0.0
2022-11-14,146.61884006603,147.90816221784894,145.1031371412935,145.93972778320312,73374100,0.0,0.0
2022-11-15,149.81752177217496,151.16589433590542,146.2152837355369,147.6719207763672,89868300,0.0,0.0
2022-11-16,146.77626501882386,147.50457588314197,144.96529458424104,146.44161987304688,64218300,0.0,0.0
2022-11-17,144.11891685845265,149.08921670380388,143.84333724490105,148.34121704101562,80389400,0.0,0.0
2022-11-18,149.90606603666672,150.2899100074895,147.60300221173006,148.90216064453125,74829600,0.0,0.0
2022-11-21,147.790025718782,147.99670287508093,145.3885338782466,145.6739501953125,58724100,0.0,0.0
2022-11-22,145.7920747269315,148.04592513732047,144.6110022662971,147.80970764160156,51804100,0.0,0.0
2022-11-23,147.09122719796105,149.43366845656658,146.98296272757275,148.6856689453125,58301400,0.0,0.0
2022-11-25,145.96922504559745,146.5302359602774,144.79800437919693,145.7723846435547,35195900,0.0,0.0
2022-11-28,142.8492645206864,144.32559012136235,141.11704788902577,141.94378662109375,69246000,0.0,0.0
2022-11-29,142.01266197350824,142.5244590100729,138.13485967272496,138.94190979003906,83763800,0.0,0.0
2022-11-30,139.16828541868128,146.37276146207836,138.33170993361605,145.6936492919922,111380900,0.0,0.0
2022-12-01,145.87081033178356,146.7762881829984,144.29605710134743,145.96922302246094,71250400,0.0,0.0
2022-12-02,143.65634951969474,145.66414600537883,143.351229571757,145.47714233398438,65447400,0.0,0.0
2022-12-05,145.437787707556,148.53806604789014,143.46935320119442,144.31578063964844,68826400,0.0,0.0
2022-12-06,144.74881132681773,144.97517704731527,139.68008441838234,140.6544647216797,64727200,0.0,0.0
2022-12-07,139.9458322919547,141.10720126498546,137.79039443330282,138.71556091308594,69721100,0.0,0.0
2022-12-08,140.11314322681335,141.25483863673134,138.87303512029186,140.3985595703125,62128300,0.0,0.0
2022-12-09,140.09345741010685,143.2724894333561,138.6761823933455,139.9163055419922,76097000,0.0,0.0
2022-12-12,140.44773146920014,142.2193246763725,138.83361655110005,142.20948791503906,70462700,0.0,0.0
2022-12-13,147.14046624112265,147.60304951034107,141.96348935709867,143.174072265625,93886200,0.0,0.0
2022-12-14,143.05596154285573,144.34528354143862,138.93208948952125,140.94973754882812,82291200,0.0,0.0
2022-12-15,138.88288378971373,139.5619960317231,133.88305882406812,134.34564208984375,98931900,0.0,0.0
2022-12-16,134.53265581803083,135.47749595050237,131.61936620399007,132.38705444335938,160156900,0.0,0.0
2022-12-19,132.9775676474043,133.06614357854048,129.24739159594094,130.2808074951172,79592600,0.0,0.0
2022-12-20,129.31625782088165,131.14690185461754,127.83993247167396,130.21189880371094,77432800,0.0,0.0
2022-12-21,130.8811625578248,134.65071518492888,130.6547968699711,133.3121795654297,85928000,0.0,0.0
2022-12-22,132.2295400503929,132.43621717922085,128.24345879689446,130.1429901123047,77852100,0.0,0.0
2022-12-23,128.85370313619094,130.3300288114699,127.5939064280565,129.77886962890625,63814900,0.0,0.0
2022-12-27,129.3064364059333,129.33596171498522,126.68841553829142,127.97773742675781,69007800,0.0,0.0
2022-12-28,127.62341762114275,128.96195335269854,123.88339749624971,124.05071258544922,85438400,0.0,0.0
2022-12-29,125.9699273840094,128.42062552699434,125.71403637929805,127.56436157226562,75703700,0.0,0.0
2022-12-30,126.38330400552722,127.89899152283257,125.41876807644428,127.87930297851562,77034200,0.0,0.0
2023-01-03,128.22379338136977,128.8340031338152,122.21022673136561,123.09602355957031,112117500,0.0,0.0
2023-01-04,124.88729543343348,126.62936374107429,123.10586505340991,124.36566162109375,89113600,0.0,0.0
2023-01-05,125.12351256937882,125.75341088924934,122.79092293482029,123.04681396484375,80962700,0.0,0.0
2023-01-06,124.02117217456781,128.2336117453076,122.91884655664052,127.57418823242188,87754700,0.0,0.0
2023-01-09,128.41079711233908,131.30439758356596,127.83994943275363,128.09584045410156,70790800,0.0,0.0
2023-01-10,128.20410381019116,129.18832083166095,126.09787998496417,128.66668701171875,63896200,0.0,0.0
2023-01-11,129.1784814447806,131.4028064616691,128.40095662151043,131.3831329345703,69458900,0.0,0.0
2023-01-12,131.76699610111268,132.14098840377943,129.36550386584642,131.30441284179688,71379600,0.0,0.0
2023-01-13,129.94620865719486,132.79059604777711,129.58205306267305,132.63311767578125,57809700,0.0,0.0
2023-01-17,132.7019674841355,135.12313266732727,132.01301865225,133.79444885253906,63646600,0.0,0.0
2023-01-18,134.66054787823845,136.42228931739672,132.89879142112386,133.07595825195312,69672800,0.0,0.0
2023-01-19,131.9638347529944,134.0995841255356,131.6587298451973,133.1350555419922,58280400,0.0,0.0
2023-01-20,133.1448517377868,135.84161126203279,132.1015842994744,135.6939697265625,80223600,0.0,0.0
2023-01-23,135.94007397852303,141.05801539977267,135.72354499448727,138.8828887939453,81760300,0.0,0.0
2023-01-24,138.0954934654877,140.90051809732327,138.0856567013407,140.28045654296875,66435100,0.0,0.0
2023-01-25,138.6663258108729,140.18201330953534,136.61915274790366,139.6210174560547,65799300,0.0,0.0
2023-01-26,140.9103416541343,141.9732977828438,139.6603818984353,141.68788146972656,54105100,0.0,0.0
2023-01-27,140.90051489349364,144.9062704324847,140.82177572822627,143.6267852783203,70555800,0.0,0.0
2023-01-30,142.67209860282117,143.2527830109075,140.59540019505755,140.74302673339844,64015300,0.0,0.0
2023-01-31,140.4477482733763,142.0618633846007,140.03437897857034,142.0126495361328,65874500,0.0,0.0
2023-02-01,141.69774073810188,144.29607334830789,139.08957136310852,143.1346893310547,77663600,0.0,0.0
2023-02-02,146.54991104174482,148.79392468833726,145.83143680858885,148.4396209716797,118339000,0.0,0.0
2023-02-03,145.69362375451536,154.89605760293438,145.4967833818238,152.06150817871094,154357300,0.0,0.0
2023-02-06,150.1620199448286,150.6836538403975,148.4002628109197,149.33526611328125,69858300,0.0,0.0
2023-02-07,148.2624474794368,152.77999988075524,148.2624474794368,152.2091522216797,83322600,0.0,0.0
2023-02-08,151.45133472995892,152.14028370808583,148.7840997356859,149.5222625732422,64120100,0.0,0.0
2023-02-09,151.35289040745275,151.89421276586904,148.04592065726195,148.4888153076172,56007100,0.0,0.0
2023-02-10,147.32566223415182,149.17880490718028,147.08908410868764,148.853515625,57450700,0.23,0.0
2023-02-13,148.79440338379132,152.05713357186568,148.76483299254943,151.6529998779297,62199000,0.0,0.0
2023-02-14,149.9476888936107,151.5741355635304,148.7056873791277,151.01226806640625,61707600,0.0,0.0
2023-02-15,150.923562968411,153.279432747917,150.696851620169,153.1118621826172,65573800,0.0,0.0
2023-02-16,151.31784339392544,154.09758049199988,151.16013965459408,151.51499938964844,68167900,0.0,0.0
2023-02-17,150.17438009343803,150.81509178729078,148.6958007621901,150.37152099609375,59144100,0.0,0.0
2023-02-21,148.05511953332274,149.1394173925265,146.29068760704538,146.35968017578125,58867200,0.0,0.0
2023-02-22,146.74410160351695,147.8086807909047,145.0585291708209,146.78353881835938,51011300,0.0,0.0
2023-02-23,147.94665897626774,148.19308888929672,145.13736699227027,147.26651000976562,48394200,0.0,0.0
2023-02-24,145.00925692421464,145.08811632211885,143.63910684752537,144.61497497558594,55469600,0.0,0.0
2023-02-27,145.60070071444446,147.03984342133134,145.34440390077674,145.8076934814453,44998500,0.0,0.0
2023-02-28,144.95007197860627,146.9510815880518,144.7332124606566,145.304931640625,50547000,0.0,0.0
2023-03-01,144.73322244168676,145.12750429739225,142.9392054041828,143.23492431640625,55479000,0.0,0.0
2023-03-02,142.31822024697658,144.61494903595985,141.84506394442167,143.8263702392578,52238100,0.0,0.0
2023-03-03,145.92596783194648,148.9521351539883,145.22611512366896,148.87327575683594,70732300,0.0,0.0
2023-03-06,151.59383305095145,154.06799923846452,151.26855877090114,151.63327026367188,87558000,0.0,0.0
2023-03-07,151.50510660246357,151.83039589059405,148.9718149331636,149.4351043701172,56182000,0.0,0.0
2023-03-08,150.62780991403972,151.2783884609091,149.66180891591966,150.68695068359375,47204800,0.0,0.0
2023-03-09,151.36710263865677,152.33310365607178,148.08465449485655,148.43951416015625,53833600,0.0,0.0
2023-03-10,148.06496662146847,148.78453780981002,145.5020893181875,146.37937927246094,68572400,0.0,0.0
2023-03-13,145.69922529511118,150.95311305935627,145.59079552733544,148.3212432861328,84457100,0.0,0.0
2023-03-14,149.11967456920323,151.2093955139033,147.95653254628945,150.4109649658203,73695900,0.0,0.0
2023-03-15,149.03098388604963,151.06156433450928,147.77911548729296,150.80528259277344,77167900,0.0,0.0
2023-03-16,149.98709719489494,154.22569446185167,149.4745187940127,153.62440490722656,76161100,0.0,0.0
2023-03-17,153.8511391851991,154.50171782493953,152.07684064085686,152.78656005859375,98944600,0.0,0.0
2023-03-20,152.85558396503848,155.56631354554972,151.94870846939224,155.1522979736328,73641400,0.0,0.0
2023-03-21,155.0734600878072,157.1237442200261,154.3045847371103,157.00546264648438,73938300,0.0,0.0
2023-03-22,157.0251659140942,159.82460651427928,155.5564380089166,155.57615661621094,75701800,0.0,0.0
2023-03-23,156.56186795883147,159.24302685232914,155.4282812343858,156.66043090820312,67622100,0.0,0.0
2023-03-24,156.59142861861952,158.0502895303303,155.59585715875076,157.96157836914062,59196500,0.0,0.0
2023-03-27,157.65604352005258,158.47419284355544,155.6155961034445,156.01974487304688,52390300,0.0,0.0
2023-03-28,155.71411911746748,156.2266974968931,153.75253179068108,155.398681640625,45992200,0.0,0.0
2023-03-29,157.09416533498404,158.75018247951246,157.07446176772007,158.47418212890625,51305700,0.0,0.0
2023-03-30,159.22333929957506,160.1499184415396,158.9670575321584,160.04148864746094,49501700,0.0,0.0
2023-03-31,160.1203040734608,162.64374399803975,159.59787385661696,162.545166015625,68749800,0.0,0.0
2023-04-03,161.92418140899423,163.91532439911353,161.87489241518372,163.7970428466797,56976200,0.0,0.0
2023-04-04,164.22093523724538,164.4574983782598,162.75220722625122,163.26478576660156,46278300,0.0,0.0
2023-04-05,162.38747921010668,162.69304993016723,159.48946069965245,161.4214630126953,51511700,0.0,0.0
2023-04-06,160.1104583059446,162.60434321282244,159.686606015777,162.30862426757812,45390100,0.0,0.0
2023-04-10,159.11489681167845,159.7161865234375,157.79403581892626,159.7161865234375,47716900,0.0,0.0
2023-04-11,160.03162242596915,160.0414742096721,158.21788648492154,158.50375366210938,47644200,0.0,0.0
2023-04-12,158.9177372546322,159.7457382241708,157.49829842634344,157.81373596191406,50133100,0.0,0.0
2023-04-13,159.32188371142138,163.4323331532267,159.11487595150933,163.1957550048828,68445600,0.0,0.0
2023-04-14,162.23964296372833,163.9449493067031,161.4806494316569,162.85079956054688,49386500,0.0,0.0
2023-04-17,162.73245273206868,163.02817163401676,161.68759231395518,162.87045288085938,41516200,0.0,0.0
2023-04-18,163.72803148121778,165.01932174992547,163.28444562876558,164.09274291992188,49923000,0.0,0.0
2023-04-19,163.43235220441335,165.75865162452376,163.1760554202755,165.23622131347656,47720200,0.0,0.0
2023-04-20,163.71818673436218,165.47276665465435,163.1957564794937,164.2701873779297,52456400,0.0,0.0
2023-04-21,162.69305305620966,164.07305473489896,162.14105238473394,162.66348266601562,58337300,0.0,0.0
2023-04-24,162.64375061086378,163.23518844762253,161.5496011414824,162.9690399169922,41949600,0.0,0.0
2023-04-25,162.83105575677226,163.93505711689548,161.3918982344198,161.43133544921875,48714100,0.0,0.0
2023-04-26,160.73146218660858,162.91976126426218,160.47518046288778,161.4214630126953,45498800,0.0,0.0
2023-04-27,162.83104713478986,166.1529178634098,162.83104713478986,166.00506591796875,64902300,0.0,0.0
2023-04-28,166.08390326571939,167.42448254310634,165.48261369922477,167.25689697265625,55275900,0.0,0.0
2023-05-01,166.86264216717663,168.01593249804148,166.2317821133474,167.168212890625,52472900,0.0,0.0
2023-05-02,167.66107793363267,167.91737470896658,165.1474894240389,166.13320922851562,48425700,0.0,0.0
2023-05-03,167.07952089132834,168.47924132633688,164.7729399649435,165.0587921142578,65136000,0.0,0.0
2023-05-04,162.535328337613,164.65461977543495,161.96360907995128,163.42247009277344,81235400,0.0,0.0
2023-05-05,168.53837432535954,171.81097141948842,168.32151475691046,171.09140014648438,113453200,0.0,0.0
2023-05-08,170.01693107088172,171.3673772990156,169.65221959190652,171.02236938476562,55962800,0.0,0.0
2023-05-09,170.57881302608763,171.06180609803263,169.14952233576255,169.3170928955078,45326900,0.0,0.0
2023-05-10,170.5492304195713,171.54480192353225,169.44521410372417,171.08151245117188,53724500,0.0,0.0
2023-05-11,171.36736154745756,172.0967844383617,169.71134476851833,171.26878356933594,49514700,0.0,0.0
2023-05-12,171.3773983196224,171.81171738299747,168.79124488441096,170.34097290039062,45533100,0.24,0.0
2023-05-15,170.9233138186056,170.97267098611968,169.25514096380277,169.84739685058594,37266700,0.0,0.0
2023-05-16,169.768428394902,170.9035679392614,169.58088019536424,169.84739685058594,42110300,0.0,0.0
2023-05-17,169.492059065459,170.69628668546216,168.21871333171157,170.4593963623047,57951600,0.0,0.0
2023-05-18,170.7653713447007,172.97644284674885,170.350798262134,172.7888946533203,65496700,0.0,0.0
2023-05-19,174.11159953538055,174.11159953538055,172.68033195301507,172.89749145507812,55809500,0.0,0.0
2023-05-22,171.73274586766902,172.45332751081392,171.2095929310653,171.9499053955078,43570900,0.0,0.0
2023-05-23,170.89372201948225,171.140492823502,169.06761204505847,169.343994140625,50747300,0.0,0.0
2023-05-24,168.88006417332414,170.19288666082696,168.317434571077,169.62037658691406,45143500,0.0,0.0
2023-05-25,170.1830440486123,171.6537886011476,169.47234283142473,170.75555419921875,56058300,0.0,0.0
2023-05-26,171.08125526170468,173.49960591702484,170.87396117733175,173.1639862060547,54835000,0.0,0.0
2023-05-30,174.6742524991613,176.67803022234617,174.28929064745816,175.00985717773438,55964400,0.0,0.0
2023-05-31,175.03946345752533,177.03337571367211,174.4768188110026,174.9604949951172,99625300,0.0,0.0
2023-06-01,175.40469602373648,177.79343575638538,174.64463768008144,177.76382446289062,68901800,0.0,0.0
2023-06-02,178.69166987914852,179.43198227661338,176.94452840385708,178.61270141601562,61996900,0.0,0.0
2023-06-05,180.27101332814428,182.56103856696868,175.74028990045602,177.26040649414062,121946500,0.0,0.0
2023-06-06,177.64536518975015,177.79342164547316,175.13816542041533,176.8951873779297,64848400,0.0,0.0
2023-06-07,176.13510374325992,178.86932803839457,175.0295755351299,175.5231170654297,61944600,0.0,0.0
2023-06-08,175.6021146908698,178.5041420299357,175.1678106866245,178.23764038085938,50214900,0.0,0.0
2023-06-09,179.15557682326966,179.87614324556046,178.29681937394096,178.62255859375,48900000,0.0,0.0
2023-06-12,178.92857679274874,181.51472997018058,178.63244881890137,181.416015625,54274900,0.0,0.0
2023-06-13,180.43882318354116,181.77137654932005,180.08347260699438,180.94223022460938,54929100,0.0,0.0
2023-06-14,181.00144926283193,182.00827838693002,179.66889592317074,181.57395935058594,57462900,0.0,0.0
2023-06-15,181.5838370156226,184.11076766616947,181.4061542027307,183.6073455810547,65433200,0.0,0.0
2023-06-16,184.31805138125782,184.57470266619666,181.88983501651188,182.53143310546875,101256200,0.0,0.0
2023-06-20,182.0279984336963,183.69617128575536,182.0279984336963,182.6202392578125,49799100,0.0,0.0
2023-06-21,182.51167734169172,183.015099412311,180.23151756348105,181.58383178710938,49515700,0.0,0.0
2023-06-22,181.36669329070625,184.63393664574576,181.29759022920584,184.58457946777344,51245300,0.0,0.0
2023-06-23,183.1533133637622,185.13734541827677,182.62027993546528,184.26870727539062,53117000,0.0,0.0
2023-06-26,184.41673933227065,185.62098193195177,182.83740033087778,182.87689208984375,48088700,0.0,0.0
2023-06-27,183.48889069387212,185.9565986299679,183.27173119056016,185.630859375,50730800,0.0,0.0
2023-06-28,185.50253915791174,187.44709427325768,185.17681495512898,186.8054962158203,51216800,0.0,0.0
2023-06-29,186.63769101872532,187.61490879718235,186.49949997485513,187.14109802246094,46347300,0.0,0.0
2023-06-30,189.15475231695294,191.96793030893548,188.7895213028153,191.4645233154297,85213200,0.0,0.0
2023-07-03,191.27698682945007,191.37570117698604,189.28307449044232,189.9740447998047,31458200,0.0,0.0
2023-07-05,189.09553270560195,190.48730854754436,188.15779163185775,188.85862731933594,46920300,0.0,0.0
2023-07-06,187.3878728511301,189.53972207962792,186.756140199604,189.33242797851562,45094300,0.0,0.0
2023-07-07,188.93757673504143,190.18129599874976,187.78269133409245,188.2169952392578,46815000,0.0,0.0
2023-07-10,186.8153498480431,187.53593138541007,184.62402407003376,186.1737518310547,59922200,0.0,0.0
2023-07-11,186.71667122446578,186.85486227702734,184.18974051380027,185.65061950683594,46638100,0.0,0.0
2023-07-12,187.22992243297554,189.22383458950753,186.0355602702456,187.3187713623047,60750200,0.0,0.0
2023-07-13,188.0393349477294,188.72042471252908,187.32863389417258,188.0788116455078,41342300,0.0,0.0
2023-07-14,187.77284851528793,188.71057462083735,187.18060758311253,188.22691345214844,41616200,0.0,0.0
2023-07-17,189.4212831199665,191.81003800912126,189.3324492359564,191.4842987060547,50520200,0.0,0.0
2023-07-18,190.85254922844402,191.8198865800326,189.93455398917624,191.22763061523438,48288200,0.0,0.0
2023-07-19,190.60574416603285,195.66947000209956,190.16154474141445,192.5799102783203,80507300,0.0,0.0
2023-07-20,192.57006595398724,193.9322456468904,190.01352397351403,190.63539123535156,59581200,0.0,0.0
2023-07-21,191.59284231983003,192.4515998266043,188.75990348350925,189.4607391357422,71951700,0.0,0.0
2023-07-24,190.9117629424984,192.3923877240068,189.76674282999198,190.26028442382812,45377800,0.0,0.0
2023-07-25,190.83280156435973,191.92846454581797,190.42809382758358,191.11904907226562,37283200,0.0,0.0
2023-07-26,191.16839008411552,193.112945076557,190.82292002182845,191.9876708984375,47471900,0.0,0.0
2023-07-27,193.4880330742484,194.65278390019768,190.06285351948284,190.7241973876953,47460200,0.0,0.0
2023-07-28,192.15548645475204,194.09017617119656,191.63233355900982,193.30050659179688,48291400,0.0,0.0
2023-07-31,193.52754422924545,193.9519978690126,192.73787459795656,193.91250610351562,38824100,0.0,0.0
2023-08-01,193.70522604358104,194.1888872056883,192.7576194786216,193.08335876464844,35175100,0.0,0.0
2023-08-02,192.52071519961737,192.6589062555568,189.37193220630533,190.09249877929688,50389300,0.0,0.0
2023-08-03,189.09555647139584,189.8852110681393,188.22691834094286,188.70071411132812,61235200,0.0,0.0
2023-08-04,183.12368481919472,184.95966022717982,179.57017917093492,179.6392822265625,115956800,0.0,0.0
2023-08-07,179.7774569305225,180.76454006954836,175.05920073091434,176.53982543945312,97576100,0.0,0.0
2023-08-08,177.3689898212007,177.94149990785485,175.2862435821482,177.47756958007812,67823000,0.0,0.0
2023-08-09,178.53375806746422,178.59298065772126,174.7236157900662,175.8883819580078,60378500,0.0,0.0
2023-08-10,177.1616784798233,178.41527829006225,175.30597241092943,175.6711883544922,54686900,0.0,0.0
2023-08-11,175.2659575562626,176.5508864753638,174.5048729038775,175.73049926757812,52036700,0.24,0.0
2023-08-14,175.90841909398483,177.60849603671858,175.2560608313475,177.38116455078125,43675600,0.0,0.0
2023-08-15,176.80786722765603,177.40090780634856,174.99906405268155,175.39442443847656,43622600,0.0,0.0
2023-08-16,175.07815356283987,176.47180884084688,174.45544657600635,174.52464294433594,46964900,0.0,0.0
2023-08-17,175.08806261090004,175.45377181529804,171.47045533667884,171.98443603515625,66062900,0.0,0.0
2023-08-18,170.30413115315332,173.07169980381985,169.968073231539,172.46876525878906,61172200,0.0,0.0
2023-08-21,173.0420157807921,174.08973444525807,171.7274205434044,173.80308532714844,46311900,0.0,0.0
2023-08-22,175.00895776189057,175.62177093693052,174.2083431088137,175.17698669433594,42038900,0.0,0.0
2023-08-23,176.45203891919172,179.44693836874362,176.26423745502308,179.02191162109375,52722800,0.0,0.0
2023-08-24,178.57715186115848,179.00217866700072,173.9711287799832,174.33685302734375,54945800,0.0,0.0
2023-08-25,175.3252527852027,177.07473842454561,173.78332608108835,176.54100036621094,51449600,0.0,0.0
2023-08-28,178.003859262239,178.49806733287568,176.48170504077262,178.1027069091797,43820700,0.0,0.0
2023-08-29,177.61835511729424,182.75811538578077,177.42067493043544,181.98715209960938,53003900,0.0,0.0
2023-08-30,182.7976884731864,185.67398314097,182.6000082560471,185.47628784179688,60813900,0.0,0.0
2023-08-31,185.66408956621913,186.92926105598286,185.30825914209595,185.69374084472656,60794500,0.0,0.0
2023-09-01,187.29500162288934,187.7200133732383,186.09901131803056,187.26535034179688,45766500,0.0,0.0
2023-09-05,186.09896874874457,187.77927298177536,185.43673181910435,187.5025177001953,45280000,0.0,0.0
2023-09-06,186.21759365485326,186.66239298088038,179.3678770840619,180.79119873046875,81755800,0.0,0.0
2023-09-07,173.15073850258275,176.1456533918577,171.52973657694065,175.503173828125,112488800,0.0,0.0
2023-09-08,176.2840107997074,178.15211655476327,175.7304851357375,176.115966796875,65551300,0.0,0.0
2023-09-11,177.98410020535158,178.21143169284028,175.28571330476424,177.28231811523438,58953100,0.0,0.0
2023-09-12,177.4108321261293,178.04341790139725,172.79493020499618,174.25778198242188,90370200,0.0,0.0
2023-09-13,174.46534664942806,175.24620393193433,171.96465474647994,172.19200134277344,84267900,0.0,0.0
2023-09-14,171.98440467411754,174.060084556446,171.56927171405846,173.70425415039062,60895800,0.0,0.0
2023-09-15,174.43566940930017,174.45544195430384,171.806494041059,172.98269653320312,109259500,0.0,0.0
2023-09-18,174.43567131089117,177.30208708635865,174.1292647291417,175.90841674804688,67257600,0.0,0.0
2023-09-19,175.46363376102514,177.54919237650395,175.07815207769175,176.9956817626953,51826900,0.0,0.0
2023-09-20,177.18347129792434,177.61837681135137,173.36818440563272,173.4571533203125,58436200,0.0,0.0
2023-09-21,172.52805046683002,174.25777881422758,171.84604087673065,171.91522216796875,63149100,0.0,0.0
2023-09-22,172.6466384244914,175.0287248458324,172.03382526857388,172.76524353027344,56725400,0.0,0.0
2023-09-25,172.18210166869468,174.92001880772483,172.13267784152856,174.0403289794922,46172700,0.0,0.0
2023-09-26,172.79493440563715,173.17052232124786,169.6715354659317,169.9680633544922,64588900,0.0,0.0
2023-09-27,170.62039864934732,171.03553164114703,167.0917606780329,168.4557647705078,66921800,0.0,0.0
2023-09-28,167.37840061261642,170.03724268196555,165.6783234920371,168.7127685546875,56294400,0.0,0.0
2023-09-29,170.02737565179098,171.06521578016338,168.36682842998798,169.2267608642578,51861100,0.0,0.0
2023-10-02,169.2365980179806,172.28092127496365,168.94994891630552,171.73728942871094,52164500,0.0,0.0
2023-10-03,170.2645306917589,171.61867083541966,168.84122435442626,170.4029083251953,49594600,0.0,0.0
2023-10-04,169.10810929534875,172.19197782627828,168.98950418793981,171.64834594726562,53020300,0.0,0.0
2023-10-05,171.77684421895017,173.41761872545223,170.67970163713667,172.88388061523438,48527900,0.0,0.0
2023-10-06,171.78671747657816,175.9281832590251,171.17388925206592,175.43397521972656,57266700,0.0,0.0
2023-10-09,174.76185568517045,176.9759132731787,173.76356081110382,176.91661071777344,42390800,0.0,0.0
2023-10-10,176.0368980965743,177.63812721273464,175.88862664528037,176.3235321044922,43698000,0.0,0.0
2023-10-11,176.13575227199846,177.76664794425923,175.54271164011269,177.71722412109375,47551100,0.0,0.0
2023-10-12,177.98411345020415,180.2278073787141,176.96603088257305,178.61669921875,56743100,0.0,0.0
2023-10-13,179.31845034069394,179.82253713140665,176.07644667980117,176.77822875976562,51427100,0.0,0.0
2023-10-16,174.70255348644375,177.0055649122618,174.46532818230494,176.6497344970703,52517000,0.0,0.0
2023-10-17,174.60372278813253,176.35322375615226,172.77516179309222,175.09793090820312,57549400,0.0,0.0
2023-10-18,173.54610256783715,175.52293478970745,173.08154578913502,173.80308532714844,54764400,0.0,0.0
2023-10-19,174.0007735918687,175.77992569036093,173.16062890788183,173.42750549316406,59302900,0.0,0.0
2023-10-20,173.2792242572037,173.38795063159753,170.64015507731645,170.87738037109375,64244000,0.0,0.0
2023-10-23,168.93020088937016,171.99428177951037,167.96154224302492,170.99598693847656,55980100,0.0,0.0
2023-10-24,171.04539603931104,171.65820914819068,169.46392436745393,171.43087768554688,43816600,0.0,0.0
2023-10-25,169.88899020331988,171.05531414118843,168.67322735441405,169.11802673339844,57157000,0.0,0.0
2023-10-26,168.39640912333212,169.39471881744086,163.75085749066227,164.95672607421875,70625300,0.0,0.0
2023-10-27,164.97653958977486,167.00279566914165,164.89746448966903,166.2713623046875,58499100,0.0,0.0
2023-10-30,167.06210513671374,169.18719386762373,166.91383366211736,168.3173828125,51131000,0.0,0.0
2023-10-31,167.38827526603964,168.92030818010912,165.9550598323106,168.7918243408203,44846000,0.0,0.0
2023-11-01,169.01914553939386,172.2117251766134,168.14933458405196,171.95474243164062,56934900,0.0,0.0
2023-11-02,173.48677525125817,175.72058991359089,173.42747270619202,175.51303100585938,77334800,0.0,0.0
2023-11-03,172.2216424329047,174.77175801380423,171.34195262679097,174.6037139892578,79829200,0.0,0.0
2023-11-06,174.33683183407777,177.35148879200258,174.16880291146146,177.15380859375,63841300,0.0,0.0
2023-11-07,177.10437340755996,180.32661925220768,176.89681449142668,179.71380615234375,70530000,0.0,0.0
2023-11-08,180.23770048559436,181.32494925868284,179.48649451949703,180.7714385986328,49340300,0.0,0.0
2023-11-09,180.84059837026544,181.98714947029399,179.7039109186948,180.29696655273438,53763500,0.0,0.0
2023-11-10,182.07849676599454,184.6517706680945,181.64301825007877,184.48350524902344,66133400,0.24,0.0
2023-11-13,183.9094650326421,184.11729742228064,182.31601793716675,182.8999481201172,43627500,0.0,0.0
2023-11-14,185.77012344749633,186.17591157835597,184.38452385663774,185.51280212402344,60108400,0.0,0.0
2023-11-15,185.91857611582427,187.55160515956638,185.84928859059917,186.07691955566406,53790500,0.0,0.0
2023-11-16,187.6209157424311,188.9966236513369,186.7103615664657,187.7594757080078,54412900,0.0,0.0
2023-11-17,188.2938943366879,188.42256253993392,186.63117494967102,187.73965454101562,50922700,0.0,0.0
2023-11-20,187.93760923589429,189.93684445013852,187.92771748948175,189.4815673828125,46505100,0.0,0.0
2023-11-21,189.44198846283598,189.55085808280586,187.78916067013205,188.67990112304688,38134500,0.0,0.0
2023-11-22,189.52119000957208,190.9463718813115,188.8679722130009,189.34303283691406,39617700,0.0,0.0
2023-11-24,188.9075250877743,188.93721542830764,187.30418629136327,188.01678466796875,24048300,0.0,0.0
2023-11-27,187.9672912540552,188.7095799535061,186.95777439426936,187.838623046875,40552600,0.0,0.0
2023-11-28,187.82871659191514,189.11535325725313,187.45261884770375,188.4423370361328,38415400,0.0,0.0
2023-11-29,188.93724161752115,190.11500896160672,187.02709230289176,187.4229736328125,43014200,0.0,0.0
2023-11-30,187.888109148078,188.36318478193425,186.2550800746654,187.99697875976562,48794400,0.0,0.0
2023-12-01,188.37309535289532,189.5904446947665,187.28439912721964,189.27374267578125,45704800,0.0,0.0
2023-12-04,188.02667840765253,188.09596593756666,185.52269231677565,187.48233032226562,43389500,0.0,0.0
2023-12-05,188.25433276481266,192.40123993854135,188.22462732075607,191.4313201904297,66628400,0.0,0.0
2023-12-06,192.45075673351695,192.7575670481131,190.1348190989148,190.34266662597656,41089700,0.0,0.0
2023-12-07,191.63914867608756,192.99505783958267,191.5995514892092,192.27256774902344,47477700,0.0,0.0
2023-12-08,192.20330005396386,193.9749043529612,191.67875053796885,193.69778442382812,53406400,0.0,0.0
2023-12-11,191.12449893522992,191.5005967167582,189.4518726145205,191.1937713623047,60943700,0.0,0.0
2023-12-12,191.09482308550778,192.71796059458774,189.7488055095461,192.70806884765625,52696900,0.0,0.0
2023-12-13,193.08412007779322,195.96420366520786,192.84659737493098,195.92462158203125,70404200,0.0,0.0
2023-12-14,195.98403383047588,197.567574144968,194.14315707722483,196.07310485839844,66831600,0.0,0.0
2023-12-15,195.4990685795855,196.36011872958818,194.9745190512041,195.53866577148438,128538400,0.0,0.0
2023-12-18,194.07384089090513,194.60829718334298,192.39132294807408,193.8759002685547,55751900,0.0,0.0
2023-12-19,194.1431515248431,194.92502236186388,193.87592334681435,194.91513061523438,40714100,0.0,0.0
2023-12-20,194.87555255598716,195.64753172216422,192.82684326171875,192.82684326171875,52242800,0.0,0.0
2023-12-21,194.08375795359612,195.0536776254948,191.51048442189503,192.6783447265625,46482500,0.0,0.0
2023-12-22,193.17320815773428,193.40085423729087,190.98593919883143,191.60946655273438,37149600,0.0,0.0
2023-12-26,191.6193643540786,191.89648427525853,190.84738527337694,191.06512451171875,28919300,0.0,0.0
2023-12-27,190.51085997155874,191.51046990751823,189.12524544338694,191.1640625,48087700,0.0,0.0
2023-12-28,192.14390044821914,192.65855816674446,191.18387253758047,191.58966064453125,34049900,0.0,0.0
2023-12-29,191.90638540499626,192.40124458871406,189.75869835988954,190.55047607421875,42672100,0.0,0.0
2024-01-02,185.22577720716953,186.5025222946912,181.99930092657837,183.73130798339844,82488700,0.0,0.0
2024-01-03,182.32590048043423,183.96883642924203,181.5440145919006,182.3555908203125,58414500,0.0,0.0
2024-01-04,180.2771650380176,181.20750256721809,179.02023379077144,180.03964233398438,71983600,0.0,0.0
2024-01-05,180.11885376441708,180.88092604513352,178.31755906038765,179.31716918945312,62379700,0.0,0.0
2024-01-08,180.21780632812883,183.6917273170526,179.63387614033877,183.65213012695312,59144500,0.0,0.0
2024-01-09,182.0289774717032,183.24632668227045,180.8512103460259,183.23643493652344,42841800,0.0,0.0
2024-01-10,182.4545871112419,184.48349768333688,182.02900036017593,184.27566528320312,46792900,0.0,0.0
2024-01-11,184.6220684732307,185.12683453552387,181.73209248260326,183.6818389892578,49128400,0.0,0.0
2024-01-12,184.14698280822722,184.8199990991005,183.28593272766105,184.0084228515625,40477800,0.0,0.0
2024-01-16,180.28708678689063,182.36548612847807,179.0697224204938,181.74197387695312,65603000,0.0,0.0
2024-01-17,179.40625114511818,181.04917214343425,178.44622312883942,180.80174255371094,47317400,0.0,0.0
2024-01-18,184.17665903424702,187.19530261085842,183.91933773499053,186.6905517578125,78005800,0.0,0.0
2024-01-19,187.38338630026252,189.97644367310738,186.8786353534436,189.5904541015625,68903000,0.0,0.0
2024-01-22,190.32282073770045,193.3216657993532,190.28322355100102,191.89646911621094,60133900,0.0,0.0
2024-01-23,193.01488956324005,193.73737977781175,191.83712223283266,193.17323303222656,42355600,0.0,0.0
2024-01-24,193.41073733606618,194.36087349468033,192.3418398208385,192.5001983642578,53631300,0.0,0.0
2024-01-25,193.21280647175473,194.2520137003454,191.124500268323,192.17359924316406,54822100,0.0,0.0
2024-01-26,192.27257421163478,192.7575265029299,189.96652881027472,190.44158935546875,44594000,0.0,0.0
2024-01-29,190.03581744325376,190.22386634852867,187.63080907007364,189.75869750976562,47145600,0.0,0.0
2024-01-30,188.97682064057707,189.82797900977772,185.54249682198056,186.10662841796875,55859400,0.0,0.0
2024-01-31,185.11688373962707,185.1762795166647,182.45455449229945,182.5040283203125,55467800,0.0,0.0
2024-02-01,182.09830977333903,185.02786803640066,181.9300594428576,184.9387969970703,64885400,0.0,0.0
2024-02-02,178.01071526218476,185.40391139136472,177.4069865588012,183.9391326904297,102551700,0.0,0.0
2024-02-05,186.21550453356022,187.3042007769885,183.92925752426459,185.75033569335938,69668800,0.0,0.0
2024-02-06,184.93876832266957,187.36357521832525,184.8496972971495,187.3536834716797,43490800,0.0,0.0
2024-02-07,188.67990426473503,189.0856924097343,186.67077723703076,187.46255493164062,53439000,0.0,0.0
2024-02-08,187.44273393335544,187.5911856262693,185.42371540021887,186.3837432861328,40962000,0.0,0.0
2024-02-09,186.9485964735415,188.2765227675386,186.30446474496694,187.1468048095703,45155200,0.24,0.0
2024-02-12,186.72069342042812,186.9684387436886,185.10538907399385,185.46214294433594,41781900,0.0,0.0
2024-02-13,184.0945819491523,184.53061609699293,181.85495475727518,183.37115478515625,56529500,0.0,0.0
2024-02-14,183.64865818230027,183.85675578337245,180.79462725534452,182.48919677734375,54630500,0.0,0.0
2024-02-15,181.89458051072347,182.82610514660394,179.71442515593142,182.2017822265625,65434500,0.0,0.0
2024-02-16,181.76579187183052,183.18290302222294,180.03157456209792,180.66580200195312,49752500,0.0,0.0
2024-02-20,180.15048310961222,180.78471053407532,178.3766332434525,179.9225616455078,53665600,0.0,0.0
2024-02-21,180.2991272502037,181.24055639365764,179.03067248659073,180.6757049560547,41371400,0.0,0.0
2024-02-22,181.8252568033474,183.29192011230285,180.81446669725386,182.7072296142578,52292200,0.0,0.0
2024-02-23,183.34141952676862,183.37114775196545,180.58649310326592,180.87388610839844,45119700,0.0,0.0
2024-02-26,180.59643039937333,181.11172976770854,179.02075870271764,179.5261688232422,40867400,0.0,0.0
2024-02-27,179.46671005654383,182.26126931281985,177.94059046680667,180.98291015625,54318900,0.0,0.0
2024-02-28,180.8639793914523,181.46847854843006,178.50545433930714,179.7838134765625,48953900,0.0,0.0
2024-02-29,179.63517226295397,180.92345088953732,177.9108594746495,179.11985778808594,136682600,0.0,0.0
2024-03-01,177.93069482167198,178.90185225837237,175.78026722267666,178.03970336914062,73563100,0.0,0.0
2024-03-04,174.56134649455421,175.30458245485661,172.2226300679557,173.5208282470703,81510100,0.0,0.0
2024-03-05,169.21993595014084,170.48839061409436,168.09021804252058,168.58570861816406,95132400,0.0,0.0
2024-03-06,169.5172478388351,169.69563232435493,167.15870765798908,167.59474182128906,68587700,0.0,0.0
2024-03-07,167.62447121611535,169.1902233947002,166.97043508778398,167.475830078125,71765100,0.0,0.0
2024-03-08,167.47580771798204,172.13341591430694,167.41635127072408,169.19020080566406,76267000,0.0,0.0
2024-03-11,171.38030546468005,172.80732093128213,170.49833272784605,171.1920166015625,60139500,0.0,0.0
2024-03-12,171.58841376968752,172.46048219171502,169.4677142970823,171.66769409179688,59825400,0.0,0.0
2024-03-13,171.21183277143888,171.62804307697533,169.21995080494636,169.5866241455078,52488700,0.0,0.0
2024-03-14,171.35055836544484,172.73792596009017,170.49831395125625,171.4397430419922,72913500,0.0,0.0
2024-03-15,169.6262667891251,171.0631866455078,168.75419840900892,171.0631866455078,121752700,0.0,0.0
2024-03-18,173.98658058844927,176.107279800922,171.95506605696912,172.15325927734375,75604200,0.0,0.0
2024-03-19,172.76766112194616,175.01719271038215,171.46947815172825,174.49197387695312,55215200,0.0,0.0
2024-03-20,174.1352325028599,177.05862426757812,173.51090945491785,177.05862426757812,53423100,0.0,0.0
2024-03-21,175.45322885093574,175.8892630091755,169.29922879245808,169.82444763183594,106181300,0.0,0.0
2024-03-22,170.210942813777,171.48931715990707,168.5262776263353,170.72625732421875,71160100,0.0,0.0
2024-03-25,169.0316847755244,170.38932429506946,167.92177545566648,169.3091583251953,54288300,0.0,0.0
2024-03-26,168.4668365684045,169.87402832990531,168.0506261984825,168.17945861816406,57388400,0.0,0.0
2024-03-27,168.87312383270142,172.0343565405087,168.57582642397568,171.74696350097656,60273300,0.0,0.0
2024-03-28,170.20102558587905,170.67669234048742,168.97220342186947,169.93345642089844,65672700,0.0,0.0
2024-04-01,169.6460781034487,169.70553455748254,167.9514935576168,168.4965362548828,46240500,0.0,0.0
2024-04-02,167.5551169522469,167.81276664190898,166.71277681419204,167.31727600097656,49329500,0.0,0.0
2024-04-03,167.26770493028647,169.14065873561202,167.05960735256843,168.1199493408203,47691700,0.0,0.0
2024-04-04,168.75419869027797,170.3695030458197,167.29747009277344,167.29747009277344,53704400,0.0,0.0
2024-04-05,168.06050251317026,168.85329051832247,167.42627513328318,168.05059814453125,42104800,0.0,0.0
2024-04-08,167.50555706407098,167.67402205960258,166.72268854116854,166.9307861328125,37425500,0.0,0.0
2024-04-09,167.17854792228746,168.54610700117138,166.8317135282985,168.13980102539062,42373800,0.0,0.0
2024-04-10,167.27762018668898,167.56499806522814,165.60285963338822,166.26681518554688,49709300,0.0,0.0
2024-04-11,166.8217782077108,173.87757491447604,166.64340884278624,173.4613494873047,91070300,0.0,0.0
2024-04-12,172.68839280877705,176.7514221146486,172.63885584160187,174.95774841308594,101670900,0.0,0.0
2024-04-15,173.77848669689703,175.03703722038412,170.94427948721847,171.132568359375,73531800,0.0,0.0
2024-04-16,170.20102235595408,172.19288913903023,166.7524119884344,167.85240173339844,73711200,0.0,0.0
2024-04-17,168.08031301583728,169.1109267558204,166.48483276367188,166.48483276367188,50901200,0.0,0.0
2024-04-18,166.51456987389489,167.11906901091456,165.0479219314042,165.5334930419922,43122900,0.0,0.0
2024-04-19,164.71101115974596,164.89928490796945,162.60021611822233,163.5119171142578,68149400,0.0,0.0
2024-04-22,164.0272084619306,165.75150603037284,163.28397258003716,164.3443145751953,48116400,0.0,0.0
2024-04-23,163.85875133255257,165.54341638804536,163.43262154349364,165.39476013183594,49537800,0.0,0.0
2024-04-24,165.03802194946388,167.77314006308927,164.71101142134987,167.49566650390625,48251800,0.0,0.0
2024-04-25,168.00106471763377,169.07132637527934,166.63350563489078,168.35781860351562,50558300,0.0,0.0
2024-04-26,168.3478879652858,169.79471202253325,167.6541890412428,167.7731170654297,44838400,0.0,0.0
2024-04-29,171.80640930182136,174.44242297655094,171.53885525962073,171.93524169921875,68169400,0.0,0.0
2024-04-30,171.76676673002254,173.4117990890393,168.46679764398493,168.7938232421875,65934800,0.0,0.0
2024-05-01,168.05059058657778,171.15236652369296,167.58482822154218,167.7731170654297,50383100,0.0,0.0
2024-05-02,170.95415273119292,171.85594920671264,169.34876810707777,171.46946716308594,94214900,0.0,0.0
2024-05-03,184.9666328542693,185.31348231884328,181.01262758822543,181.72613525390625,163224100,0.0,0.0
2024-05-06,180.70544017490002,182.53874644704828,178.79283846563771,180.0712127685547,78569700,0.0,0.0
2024-05-07,181.79550770435065,183.23242749590466,179.68472791941784,180.75497436523438,77305800,0.0,0.0
2024-05-08,181.20092748758523,181.4189445721307,179.81354466582562,181.0919189453125,45057100,0.0,0.0
2024-05-09,180.91352883975787,182.99459544718977,180.4675903156434,182.90541076660156,48983000,0.0,0.0
2024-05-10,183.4809650708303,183.66950932429603,180.7322345449188,181.64517211914062,50759500,0.25,0.0
2024-05-13,184.0167922414492,185.66405574980115,183.20307828852305,184.850341796875,72044800,0.0,0.0
2024-05-14,186.07091921634225,186.8548647149755,184.8602810891409,185.9915313720703,52393600,0.0,0.0
2024-05-15,186.46787049037354,189.18683240943687,185.9320062923224,188.26397705078125,70400000,0.0,0.0
2024-05-16,189.0082418184263,189.6334117374386,188.20446057494524,188.38307189941406,52845200,0.0,0.0
2024-05-17,188.05555831413108,189.34558420614056,187.7280891548122,188.4127960205078,41282900,0.0,0.0
2024-05-20,187.8769693298537,190.44708847543168,187.55941793463836,189.57383728027344,44361300,0.0,0.0
2024-05-21,189.62342455766938,191.25083732912466,189.4547310855792,190.87376403808594,42309400,0.0,0.0
2024-05-22,190.79440205142186,191.3401840301744,188.8097513226368,189.43490600585938,34648500,0.0,0.0
2024-05-23,189.51429520164533,189.5341459487459,185.19768892080702,185.44577026367188,51005900,0.0,0.0
2024-05-24,187.37088671578107,189.11737394472448,186.59685898409072,188.52197265625,36327000,0.0,0.0
2024-05-28,190.04022981736387,191.51880009814326,187.64873713728954,188.5319061279297,52280100,0.0,0.0
2024-05-29,188.15480064928906,190.7745388343773,188.05556206266323,188.82957458496094,53068000,0.0,0.0
2024-05-30,189.29598343446253,190.70508365256933,189.16699143181853,189.82191467285156,49889100,0.0,0.0
2024-05-31,189.9707702687458,191.09210277636024,188.45251367186646,190.77455139160156,75158300,0.0,0.0
2024-06-03,191.41954585254337,193.49351725389894,191.04247253185534,192.54087829589844,50080500,0.0,0.0
2024-06-04,193.14618134943933,193.82097037667646,191.54853713018946,192.85841369628906,47471400,0.0,0.0
2024-06-05,193.90036613096368,195.38885414673365,193.3744349100596,194.36676025390625,54156800,0.0,0.0
2024-06-06,194.1881470745491,194.9919281725913,192.67980832687616,192.9874267578125,41181800,0.0,0.0
2024-06-07,193.1561527119216,195.42858658854308,192.65007215742114,195.37896728515625,53103900,0.0,0.0
2024-06-10,195.3888517006261,195.7857909182053,190.6753063763642,191.6378631591797,97010200,0.0,0.0
2024-06-11,192.16378906024917,205.57011360777915,192.14395345618084,205.5601806640625,172373300,0.0,0.0
2024-06-12,205.77850209290926,218.51003809526938,205.3121079690946,211.4347686767578,198134300,0.0,0.0
2024-06-13,213.09194207290335,215.08651049080893,209.97604121171418,212.5957794189453,97862700,0.0,0.0
2024-06-14,212.20878551515116,213.5186471242216,209.67835280423736,210.85922241210938,70122700,0.0,0.0
2024-06-17,211.73244926121387,217.2696263789355,211.08744385812574,215.0071258544922,93728300,0.0,0.0
2024-06-18,215.92007781385274,216.95210469802018,211.36530791117931,212.64540100097656,79943300,0.0,0.0
2024-06-20,212.28813739547695,212.59577094768608,207.2471383568116,208.0707550048828,86172500,0.0,0.0
2024-06-21,208.77533580800622,210.26382387597764,205.5205097773767,205.89759826660156,241805100,0.0,0.0
2024-06-24,206.12581247138846,211.0675882243761,205.00448003735443,206.54258728027344,80727000,0.0,0.0
2024-06-25,207.54485732874397,209.75775393646785,207.0090082596573,207.46548461914062,55549700,0.0,0.0
2024-06-26,209.87680350658064,213.21101716086312,209.02340313251779,211.61337280273438,66213200,0.0,0.0
2024-06-27,213.04233172557286,214.0842763709762,210.7202940415425,212.4568634033203,49772700,0.0,0.0
2024-06-28,214.1140398112984,214.41174043740799,208.68601906723538,209.00355529785156,82542700,0.0,0.0
2024-07-01,210.46229254870087,215.84069445328046,210.29359904602236,215.08653259277344,60402900,0.0,0.0
2024-07-02,214.4911377013164,218.68868521261126,213.44920810314017,218.57952880859375,58046200,0.0,0.0
2024-07-03,218.31157833867707,219.8496856689453,217.34902153194005,219.8496856689453,37369800,0.0,0.0
2024-07-05,219.9489270685169,224.71209219476,219.9489270685169,224.60293579101562,60412400,0.0,0.0
2024-07-08,225.34715532852172,226.1013322692385,221.53662969916704,226.07156372070312,59085900,0.0,0.0
2024-07-09,226.18068283390414,227.63940213609902,224.63265789484376,226.9249267578125,48076100,0.0,0.0
2024-07-10,227.54020555015646,231.29119415797783,227.49058625437067,231.19195556640625,62627700,0.0,0.0
2024-07-11,229.61416127735984,230.60648662367137,224.03729767642758,225.823486328125,64710600,0.0,0.0
2024-07-12,227.1631286162611,230.8545803134063,226.92496506939614,228.77069091796875,53046500,0.0,0.0
2024-07-15,234.66509753137677,235.409341553401,231.30111515749465,232.60105895996094,62631300,0.0,0.0
2024-07-16,233.19644881294397,234.4567062015191,230.54694204130521,233.01783752441406,43234300,0.0,0.0
2024-07-17,227.68904591405493,229.6836295353235,224.9006141352506,227.12342834472656,57345900,0.0,0.0
2024-07-18,228.51267855827928,228.67145424701283,220.56415801938329,222.45948791503906,66034600,0.0,0.0
2024-07-19,223.09459660515446,225.0593965950336,221.56640705838353,222.5885009765625,49151500,0.0,0.0
2024-07-22,225.26779139889447,226.03188622300922,221.3778775132773,222.2412109375,48201800,0.0,0.0
2024-07-23,222.64803919770813,225.19832267550643,220.97100689389265,223.2831268310547,39960300,0.0,0.0
2024-07-24,222.280880842846,223.0747441599071,215.46361045876344,216.86277770996094,61777600,0.0,0.0
2024-07-25,217.24978234747041,219.15506035064124,212.97286249707204,215.8208465576172,51391200,0.0,0.0
2024-07-26,217.02155779536062,217.80550332568987,214.35220009781358,216.28724670410156,41601300,0.0,0.0
2024-07-29,215.29493390237633,217.61697179557376,214.0942134588753,216.5651092529297,36311800,0.0,0.0
2024-07-30,217.50779485320817,218.63904514115285,214.46134877521007,217.12078857421875,41643800,0.0,0.0
2024-07-31,219.7405227481965,222.10226187087767,218.93674165630796,220.3756103515625,50036300,0.0,0.0
2024-08-01,222.64802807062824,222.7571844619209,215.35444602521784,216.6841583251953,62501000,0.0,0.0
2024-08-02,217.46808032420208,223.86859053089324,216.03914463167754,218.17263793945312,105568600,0.0,0.0
2024-08-05,197.56204548052773,211.8614570593827,194.49576385779395,207.66392517089844,119548600,0.0,0.0
2024-08-06,203.72439154098564,208.3783997216886,199.52685967053256,205.6395721435547,69660500,0.0,0.0
2024-08-07,205.31211338628992,212.00039184379946,204.80603289763474,208.209716796875,63516400,0.0,0.0
2024-08-08,211.4744658055274,212.55609685346144,207.22731432081122,211.6729278564453,47161100,0.0,0.0
2024-08-09,210.47220292637738,215.1162780786914,210.3431957915856,214.58042907714844,42201600,0.0,0.0
2024-08-12,214.65993379251097,218.07747160820446,214.1929998012183,216.1103973388672,38028100,0.25,0.0
2024-08-13,217.58072790378117,220.44193777769505,217.58072790378117,219.82598876953125,44155300,0.0,0.0
2024-08-14,219.13056699635618,221.57450454206742,218.2662343099079,220.27305603027344,41960600,0.0,0.0
2024-08-15,223.1342364732981,223.87934187315213,221.30623303799138,223.25344848632812,46414000,0.0,0.0
2024-08-16,222.45867901826594,225.34969177239586,222.19043681447837,224.5747833251953,44340200,0.0,0.0
2024-08-19,224.24692851790377,224.51517071380414,221.5844105997713,224.4158172607422,40687800,0.0,0.0
2024-08-20,224.2966078109087,225.68746521443902,223.97868888483964,225.03176879882812,30299000,0.0,0.0
2024-08-21,225.04172779494317,226.4921913011218,223.58131984717622,224.92250061035156,34765500,0.0,0.0
2024-08-22,226.30341677619586,226.84983046212884,222.43880384726458,223.064697265625,43695300,0.0,0.0
2024-08-23,224.187342377279,226.73063334528243,222.866020162344,225.35963439941406,38677300,0.0,0.0
2024-08-26,225.28014571740593,225.79675641202357,222.4288803537143,225.69740295410156,30602200,0.0,0.0
2024-08-27,224.52511915345738,227.35652605602343,223.4223624308928,226.5418701171875,35934600,0.0,0.0
2024-08-28,226.43259292076607,228.35993491185639,224.20720569696516,225.01193237304688,38052200,0.0,0.0
2024-08-29,228.59837969678284,231.3999685703833,227.38634017099784,228.29039001464844,51906300,0.0,0.0
2024-08-30,228.68777538921813,228.89639643358683,225.99545426270925,227.5055389404297,52990800,0.0,0.0
2024-09-03,227.05848641015993,227.50554667965343,219.72664341730942,221.3162078857422,50190600,0.0,0.0
2024-09-04,220.2134333758585,220.33264539565292,216.06070449558098,219.40872192382812,43840200,0.0,0.0
2024-09-05,220.1836359939166,224.00850159902006,220.07435325324454,220.92874145507812,36615400,0.0,0.0
2024-09-06,222.4884846157397,223.7700744804958,218.33577084564575,219.37892150878906,48423000,0.0,0.0
2024-09-09,219.37894424631622,219.82600453136772,215.29576534565257,219.46835327148438,67180000,0.0,0.0
2024-09-10,217.49130185519834,220.0345925843304,215.31559161387113,218.6735382080078,51591000,0.0,0.0
2024-09-11,220.01475867053273,221.63411098197892,216.4680492147489,221.20692443847656,44587100,0.0,0.0
2024-09-12,221.04796566036197,222.09111639532034,218.38546260882887,221.3162078857422,37455600,0.0,0.0
2024-09-13,222.12092741382088,222.57791698251046,220.4618275881316,221.0479736328125,36766600,0.0,0.0
2024-09-16,215.126845002842,215.80241517960704,212.52394807405793,214.90829467773438,59357400,0.0,0.0
2024-09-17,214.34200737227792,215.48449636527135,213.10016491936787,215.37521362304688,45519300,0.0,0.0
2024-09-18,216.13026348358338,221.25659276615585,216.12031904206836,219.24977111816406,59894900,0.0,0.0
2024-09-19,223.52171975466862,228.32020097310811,223.16406850984052,227.3763885498047,66781300,0.0,0.0
2024-09-20,228.46920754640476,231.56884144729943,226.1345376792504,226.71075439453125,318679900,0.0,0.0
2024-09-23,225.8563523524968,227.95258288382507,224.336338501163,224.99203491210938,54146000,0.0,0.0
2024-09-24,227.15783023434298,227.8532741806864,224.2568878942957,225.8861846923828,43556100,0.0,0.0
2024-09-25,223.462095237407,225.80669443859438,222.55804543582803,224.8927001953125,42308700,0.0,0.0
2024-09-26,225.81662129607273,227.00878694842402,223.93895622483703,226.03518676757812,36636700,0.0,0.0
2024-09-27,226.96903128982905,228.02211109361687,225.81659804223938,226.3033905029297,34026000,0.0,0.0
2024-09-30,228.5387415800987,231.47943115234375,228.1512873446241,231.47943115234375,54541900,0.0,0.0
2024-10-01,228.02214574584622,228.15128705136544,222.2798675150603,224.73374938964844,63285000,0.0,0.0
2024-10-02,224.41582711263038,225.8861642954019,221.56456176324298,225.30001831054688,32880600,0.0,0.0
2024-10-03,223.67074086449446,225.32984066329956,221.86262602596847,224.19728088378906,34044200,0.0,0.0
2024-10-04,226.41272812222596,226.5120815901165,222.66734189828435,225.31991577148438,37245100,0.0,0.0
2024-10-07,223.0349151567562,224.2171516536621,219.8856043654075,220.24325561523438,39505400,0.0,0.0
2024-10-08,222.83620769655573,224.5052366387564,221.79305702807565,224.29661560058594,31855700,0.0,0.0
2024-10-09,223.76016702360002,228.2506741946641,223.36278344777278,228.0420379638672,33591100,0.0,0.0
2024-10-10,226.2934858996686,228.00226223679437,225.68746620848788,227.54525756835938,28183500,0.0,0.0
2024-10-11,227.80359724609562,227.91287999534921,225.8563814846346,226.0650177001953,31759200,0.0,0.0
2024-10-14,227.2075041009655,230.21772915238438,227.1081657950345,229.79054260253906,39882100,0.0,0.0
2024-10-15,232.08545910083197,235.9401430278398,230.85354589755886,232.3238983154297,64751400,0.0,0.0
2024-10-16,230.0885617348273,230.60515724916505,228.34003796565733,230.2673797607422,34082200,0.0,0.0
2024-10-17,231.9066247344228,232.3238971476739,229.0156269629083,230.63497924804688,32993800,0.0,0.0
2024-10-18,234.6386615701971,234.6386615701971,232.4828249974097,233.46636962890625,46431500,0.0,0.0
2024-10-21,232.91995571367772,235.3043021987925,232.91995571367772,234.93670654296875,36254500,0.0,0.0
2024-10-22,232.36364046895116,234.67843677993508,231.0820656392084,234.32078552246094,38846600,0.0,0.0
2024-10-23,232.55238437433343,233.60546433739609,226.27362172475395,229.25404357910156,52287000,0.0,0.0
2024-10-24,228.4791312160334,229.31366084202813,226.91938502162782,229.06529235839844,31109500,0.0,0.0
2024-10-25,228.24072625952675,231.69801159617745,228.07183749564092,229.8998260498047,38802300,0.0,0.0
2024-10-28,231.7973512193415,233.19813797949908,231.032372026897,231.87681579589844,36087100,0.0,0.0
2024-10-29,231.57877779482254,232.80074647701065,230.80386934668286,232.14505004882812,35417200,0.0,0.0
2024-10-30,231.09197226998216,231.94636045913163,228.05194445904854,228.59835815429688,47070900,0.0,0.0
2024-10-31,227.84330777090054,228.330115454563,223.89921505082026,224.43569946289062,64370100,0.0,0.0
2024-11-01,219.52796489927013,223.87938614586878,218.83253608705854,221.45530700683594,65276700,0.0,0.0
2024-11-04,219.5478246614517,221.33606573362852,218.27617915451208,220.5611572265625,44944500,0.0,0.0
2024-11-05,220.3525342324639,222.48849724939907,219.69683776020295,221.99176025390625,28111300,0.0,0.0
2024-11-06,221.15724252476647,224.5946691536601,219.74651129717958,221.2665252685547,54561100,0.0,0.0
2024-11-07,223.16406118155706,226.39285156162418,223.10445516924474,225.99545288085938,42137700,0.0,0.0
2024-11-08,225.9357792784742,227.4176895436531,225.17991383614745,225.7269287109375,38328800,0.25,0.0
2024-11-11,223.7775854012113,224.47377929839286,220.29660073941466,223.0117645263672,42005600,0.0,0.0
2024-11-12,223.33003326558662,224.36437631627228,222.14649605243358,223.0117645263672,40398300,0.0,0.0
2024-11-13,222.79294167641658,225.4185978724207,221.54973296285615,223.89691162109375,48566200,0.0,0.0
2024-11-14,223.7974607959322,227.62653447284012,223.77756520755418,226.98007202148438,44923900,0.0,0.0
2024-11-15,225.1699449930133,225.6871240415238,223.05152776948486,223.77755737304688,47923700,0.0,0.0
2024-11-18,224.02620376766677,228.49181480220403,223.94663659117114,226.78115844726562,44633700,0.0,0.0
2024-11-19,225.74680903538962,228.90953992555222,225.4285554930197,227.0397491455078,36211800,0.0,0.0
2024-11-20,226.82093350733243,228.68076882556113,224.66272507245372,227.75582885742188,35169600,0.0,0.0
2024-11-21,227.63648708983084,228.9095315645878,224.48371169719937,227.2784423828125,42108300,0.0,0.0
2024-11-22,226.82094518602503,229.46649702017746,226.82094518602503,228.62110900878906,38168300,0.0,0.0
2024-11-25,230.2024695182051,231.982737654973,228.4918131754458,231.60479736328125,90152800,0.0,0.0
2024-11-26,232.06231657216094,234.29015208323423,232.06231657216094,233.7829132080078,45986200,0.0,0.0
2024-11-27,233.19613315216662,234.4095061449918,232.53971526898803,233.65362548828125,33498400,0.0,0.0
2024-11-29,233.53426018813377,236.51796100091357,232.69882760276832,236.0405731201172,28481400,0.0,0.0
2024-12-02,235.98089694287458,239.4817615684827,235.8714939748314,238.2882843017578,48137100,0.0,0.0
2024-12-03,238.50711361537608,241.441083276618,237.60205398884364,241.33168029785156,38861000,0.0,0.0
2024-12-04,241.55047375645148,242.78374225546824,239.9392801306149,241.68971252441406,44383900,0.0,0.0
2024-12-05,242.6644095132275,243.21140922639395,240.81451427308068,241.7195587158203,40033900,0.0,0.0
2024-12-06,241.5902721155965,243.3009285590703,240.76477968960373,241.52064514160156,36870600,0.0,0.0
2024-12-09,240.51612576959502,245.89673657618508,240.43655859300793,245.40939331054688,44649200,0.0,0.0
2024-12-10,245.54865007065558,246.861485816723,244.0070681600661,246.4238739013672,36914800,0.0,0.0
2024-12-11,246.61283253090062,249.43739908317045,244.92205654138039,245.15081787109375,45205800,0.0,0.0
2024-12-12,245.54865996903848,247.388615093895,244.3452271532981,246.61285400390625,32777500,0.0,0.0
2024-12-13,246.47359279661413,247.9355922748061,244.90217516923994,246.7819061279297,33155300,0.0,0.0
2024-12-16,246.6426692963963,250.01425073054844,246.3045049916291,249.67608642578125,51694800,0.0,0.0
2024-12-17,248.72130738305802,252.45093348613432,248.42293425963442,252.1028289794922,51356400,0.0,0.0
2024-12-18,250.79000225751088,252.89847930582897,246.39401822090946,246.70233154296875,56774100,0.0,0.0
2024-12-19,246.15532490458142,250.6308762664829,245.7475488049507,248.43287658691406,60882300,0.0,0.0
2024-12-20,246.69239156062656,253.6145845456153,244.35516822034685,253.10736083984375,147495300,0.0,0.0
2024-12-23,253.38584941381717,254.2610580907384,252.07301363460223,253.8831329345703,40858800,0.0,0.0
2024-12-24,254.10189725758943,256.80710520536127,253.90297174117552,256.79718017578125,23234700,0.0,0.0
2024-12-26,256.7872242633273,258.6868506395932,256.2302692406472,257.6127014160156,27237100,0.0,0.0
2024-12-27,256.42919055718573,257.29448932345014,251.68511699924173,254.2013702392578,42355300,0.0,0.0
2024-12-30,250.85962400320443,252.1227283114492,249.38766912858338,250.8297882080078,35557500,0.0,0.0
2024-12-31,251.0684930674946,251.90392569582917,248.07483671879714,249.05946350097656,39480700,0.0,0.0
2025-01-02,247.57756417344766,247.74665392379396,240.5062071395791,242.52517700195312,55740700,0.0,0.0
2025-01-03,242.03782653808594,242.85336358935695,240.5758118291158,242.03782653808594,40244100,0.0,0.0
2025-01-06,242.98266113735735,245.98625772407811,241.87869116125097,243.66891479492188,45045600,0.0,0.0
2025-01-07,241.6598944370817,244.21593900697974,240.03876048613398,240.8940887451172,40856000,0.0,0.0
2025-01-08,240.6056476428208,242.38593107741448,238.74581220273618,241.38140869140625,37628900,0.0,0.0
2025-01-10,238.70602211575698,238.85521627248303,231.73411285331812,235.56320190429688,61710900,0.0,0.0
2025-01-13,232.26124214226888,233.39504797306242,228.4719441071402,233.1265106201172,49630700,0.0,0.0
2025-01-14,233.47458784982285,234.83713969366363,231.2069764534674,232.0125732421875,39435300,0.0,0.0
2025-01-15,233.36518970349533,237.66172623332486,233.15632396556444,236.57763671875,39832000,0.0,0.0
2025-01-16,236.06049286491137,236.71689557722044,226.79112077355302,227.01986694335938,71759100,0.0,0.0
2025-01-17,230.85888730040747,231.0279618693864,227.2386640256131,228.7305145263672,68488300,0.0,0.0
2025-01-21,222.783001089375,223.20071739531107,218.1881065481907,221.43038940429688,98070400,0.0,0.0
2025-01-22,218.59586314481808,222.90233985709415,218.59586314481808,222.61392211914062,64126500,0.0,0.0
2025-01-23,223.51900422998196,225.79655609657794,221.09225820038625,222.4448699951172,60234800,0.0,0.0
2025-01-24,223.55875977197638,224.4041477572621,220.2070739772995,221.5696258544922,54697900,0.0,0.0
2025-01-27,222.80290778981754,230.888727332658,222.76311661057002,228.61117553710938,94863400,0.0,0.0
2025-01-28,229.5957855991,238.88503723433337,229.55599442275542,236.96551513671875,75707600,0.0,0.0
2025-01-29,232.84801856891494,238.55683854812662,232.73861559310797,238.05955505371094,45486100,0.0,0.0
2025-01-30,237.37329797187644,239.48177510143526,235.9212386876704,236.29916381835938,55658300,0.0,0.0
2025-01-31,245.8470107317681,245.8470107317681,232.1717149504871,234.71780395507812,100959800,0.0,0.0
2025-02-03,228.74047863837345,230.5704783469237,224.47377754488917,226.77122497558594,73063300,0.0,0.0
2025-02-04,226.0153670030395,231.8634262398647,225.4186206897715,231.53521728515625,45067300,0.0,0.0
2025-02-05,227.28840417126338,231.40591110501148,227.02982220448578,231.20700073242188,39620300,0.0,0.0
2025-02-06,230.03338922164468,232.5297620441898,229.17806101517482,231.95291137695312,29925300,0.0,0.0
2025-02-07,231.33629458433444,232.72868233994458,226.02529517161955,226.39329528808594,39707200,0.0,0.0
2025-02-10,228.57377553913867,229.58933825388894,226.21404995469493,226.66209411621094,33115600,0.25,0.0
2025-02-11,227.20971719471092,234.2092091135714,227.1400288616486,231.61053466796875,53718400,0.0,0.0
2025-02-12,230.19669384296432,235.9317077791751,229.67894615315132,235.8420867919922,45243300,0.0,0.0
2025-02-13,235.8819260401158,241.28835511000761,234.54774465400956,240.48187255859375,53614100,0.0,0.0
2025-02-14,240.203075232316,244.48441805735465,239.9442089936196,243.53854370117188,40896200,0.0,0.0
2025-02-18,243.0905000064508,244.11602908498713,240.7905267294893,243.40911865234375,48822500,0.0,0.0
2025-02-19,243.5982928571997,244.94242536854557,242.10480216065562,243.807373046875,32204200,0.0,0.0
2025-02-20,243.87709210808563,245.7091038330044,243.2299036494767,244.7632293701172,32316900,0.0,0.0
2025-02-21,244.88267886995578,247.6107939080121,244.155851012499,244.4844207763672,53197400,0.0,0.0
2025-02-24,243.86711335623195,247.7800669312537,243.3593319822528,246.0277099609375,51326400,0.0,0.0
2025-02-25,246.92381259977986,248.91513366913293,243.84722519384715,245.9679718017578,48013300,0.0,0.0
2025-02-26,243.26972892021308,243.91690216055417,238.0922974197643,239.31695556640625,44433600,0.0,0.0
2025-02-27,238.3710773588995,241.4078448384303,236.0312691715791,236.27023315429688,41153600,0.0,0.0
2025-02-28,235.92174819400608,241.03944246427386,229.2010399398617,240.79052734375,56833400,0.0,0.0
2025-03-03,240.74073286620586,242.97101773746803,235.0853888180174,236.99705505371094,47184000,0.0,0.0
2025-03-04,236.6784633674393,239.02822274747484,233.6615980851158,234.9061737060547,53798100,0.0,0.0
2025-03-05,234.3983766092207,235.5234777567522,228.23523611666363,234.7169952392578,47227600,0.0,0.0
2025-03-06,233.42263965762712,236.82779659290307,232.14819548977783,234.30877685546875,45170400,0.0,0.0
2025-03-07,234.08974000390756,240.32256924437755,233.74125275300776,238.03256225585938,46273600,0.0,0.0
2025-03-10,234.5178647329352,235.13518456664028,223.24699590534985,226.4928436279297,72071200,0.0,0.0
2025-03-11,222.8387656202518,224.8599551431671,216.50636447278404,219.88165283203125,76137400,0.0,0.0
2025-03-12,219.18469713036333,220.78771110845915,213.9773970817033,216.0384063720703,62547500,0.0,0.0
2025-03-13,215.01287598245443,215.899013195213,207.51555384047248,208.77008056640625,61368300,0.0,0.0
2025-03-14,210.3332680009786,213.02154815111564,208.67051688888432,212.5635528564453,60107600,0.0,0.0
2025-03-17,212.3843419118567,214.28605714072168,209.0588394397278,213.07135009765625,48073400,0.0,0.0
2025-03-18,213.23066628615402,214.2163605039484,210.57225445008928,211.7670440673828,42432400,0.0,0.0
2025-03-19,213.29037609854922,217.81066771448715,212.82241448637808,214.3059539794922,54385400,0.0,0.0
2025-03-20,213.0614056873257,216.54621759798974,211.29908226715483,213.17092895507812,48862900,0.0,0.0
2025-03-21,210.6419412957371,217.8903488075446,210.36315756009637,217.3228302001953,94127800,0.0,0.0
2025-03-24,220.04097309502072,220.5188858867363,217.63147647971348,219.7721405029297,44299500,0.0,0.0
2025-03-25,219.81198848707382,223.1275400112128,219.12498026235477,222.779052734375,34493600,0.0,0.0
2025-03-26,222.5400680439697,224.04352508950674,219.51326687455483,220.56866455078125,34466100,0.0,0.0
2025-03-27,220.4292696466093,224.0136533961419,219.6028696378956,222.87860107421875,37094800,0.0,0.0
2025-03-28,220.7080664246457,222.8387793372666,216.73537546649092,216.9544219970703,39818600,0.0,0.0
2025-03-31,216.0682695484103,224.6409066608951,215.29165561007284,221.1660614013672,65299300,0.0,0.0
2025-04-01,218.85614379144315,222.70934527111467,217.95008904171658,222.2214813232422,36412700,0.0,0.0
2025-04-02,220.35960203797094,224.2128035366635,220.06090083198967,222.91844177246094,35905900,0.0,0.0
2025-04-03,204.64803566499702,206.58958563447752,200.37665915579902,202.30824279785156,103419000,0.0,0.0
2025-04-04,193.0486144227304,199.01262630823254,186.52703508606032,187.56253051757812,125910900,0.0,0.0
2025-04-07,176.43103817745248,193.30748067285785,173.86223225537526,180.6725616455078,160466300,0.0,0.0
2025-04-08,185.88979780340043,189.51400113284038,168.4757067407598,171.67176818847656,120859500,0.0,0.0
2025-04-09,171.20381523449285,199.7394480269994,171.14407803694525,197.98709106445312,184395900,0.0,0.0
2025-04-10,188.24954112448538,193.93475416517637,182.20587449762067,189.5936737060547,121880000,0.0,0.0
2025-04-11,185.2924188893916,198.67408279715283,185.2525839628914,197.2901153564453,87435900,0.0,0.0
2025-04-14,210.52246440005902,212.01595519155484,200.28707539108044,201.64117431640625,101352900,0.0,0.0
2025-04-15,200.98401841430368,202.62685207462172,198.93296032454862,201.26280212402344,51343900,0.0,0.0
2025-04-16,197.49920369317184,199.8290454554037,191.53519224238798,193.4269561767578,59732400,0.0,0.0
2025-04-17,196.34424488667963,197.9671763411939,193.5763099497932,196.1251983642578,52164700,0.0,0.0
2025-04-21,192.43130060162235,192.958999427942,188.98630873883343,192.32177734375,46742500,0.0,0.0
2025-04-22,195.26894368988752,200.715208155226,195.1196006832811,198.8732452392578,52976400,0.0,0.0
2025-04-23,205.10606155750318,207.09738254349836,201.9199510184256,203.71214294433594,52929200,0.0,0.0
2025-04-24,204.00088023313933,207.92378505310097,202.0593452871763,207.4657745361328,47311000,0.0,0.0
2025-04-25,205.47445049920006,208.8397878176709,205.30519003897632,208.371826171875,38222300,0.0,0.0
2025-04-28,209.08871177088434,210.5822025692478,206.55974070372147,209.2281036376953,38743100,0.0,0.0
2025-04-29,207.78438836336602,211.31898611202763,207.46576971677675,210.29345703125,36827600,0.0,0.0
2025-04-30,208.39173986928208,212.65316547487808,205.7731479657814,211.57785034179688,52286500,0.0,0.0
2025-05-01,208.1726964341785,213.62891164873253,207.99346964638974,212.39430236816406,57365700,0.0,0.0
2025-05-02,205.19567188008233,206.0917754590827,201.2827333487594,204.45889282226562,101010600,0.0,0.0
2025-05-05,202.21865389928206,203.21431440062256,197.34987465543003,198.02691650390625,69018500,0.0,0.0
2025-05-06,197.34988881133353,199.77928784710326,196.16505029893813,197.64857482910156,51216500,0.0,0.0
2025-05-07,198.30570335142838,198.574535944944,192.41139491378883,195.39837646484375,68536700,0.0,0.0
2025-05-08,196.86199326420865,199.18188402861682,193.83517686729027,196.63299560546875,50478900,0.0,0.0
2025-05-09,198.1364339272832,199.6697443694255,196.6827629534363,197.66847229003906,36453900,0.0,0.0
2025-05-12,210.32995926202443,210.6290521628615,206.1227607044075,210.15049743652344,63775800,0.26,0.0
2025-05-13,209.79158118866218,212.75257189298435,208.36592688565332,212.28399658203125,51909300,0.0,0.0
2025-05-14,211.78550901932945,213.29093762104833,209.94113079478424,211.68582153320312,49325800,0.0,0.0
2025-05-15,210.31001909194578,212.31393091132972,208.90429308394448,210.80850219726562,45029500,0.0,0.0
2025-05-16,211.71573318604425,211.92510277199543,209.1335944967917,210.6190643310547,54737900,0.0,0.0
2025-05-19,207.27923550566183,208.84446444770495,203.64029993754312,208.14659118652344,46140500,0.0,0.0
2025-05-20,207.03996203611737,207.83753801206538,204.40797196423648,206.232421875,42496600,0.0,0.0
2025-05-21,204.5475404614086,206.41186226922272,200.10108001028593,201.4768829345703,59211800,0.0,0.0
2025-05-22,200.1010626250374,202.13486667390606,199.09411717835945,200.74908447265625,46742400,0.0,0.0
2025-05-23,193.082445017036,197.1002176461426,192.8730906309023,194.67759704589844,78432900,0.0,0.0
2025-05-27,197.6983910952664,200.1309909415137,196.83102019804124,199.60260009765625,56288500,0.0,0.0
2025-05-28,199.98143310081724,202.11494001836002,199.2935240345892,199.81195068359375,45339700,0.0,0.0
2025-05-29,202.9623758748587,203.19167383577107,197.90775006205254,199.3433837890625,51396800,0.0,0.0
2025-05-30,198.7651407343476,201.3472946799051,196.18300200128658,200.24066162109375,70819900,0.0,0.0
2025-06-02,199.67238359256916,201.51677709467234,199.51286535414474,201.08807373046875,35423300,0.0,0.0
2025-06-03,200.73913195165156,203.1517881077627,200.35031577799097,202.65330505371094,46381600,0.0,0.0
2025-06-04,202.29440469878628,205.6143037964219,201.48686455307688,202.20468139648438,43604000,0.0,0.0
2025-06-05,202.88261988754903,204.12882762641604,199.54277706238673,200.02133178710938,55126100,0.0,0.0
2025-06-06,202.3841235560851,205.07592905349443,201.4370087789868,203.30133056640625,46607700,0.0,0.0
2025-06-09,203.76991971327615,205.37503589356555,199.4131823149893,200.83883666992188,72862600,0.0,0.0
2025-06-10,199.9914028593682,203.73002568042446,199.96149509379936,202.05511474609375,54672600,0.0,0.0
2025-06-11,202.88260699920767,203.8795731269679,197.80805305990708,198.1769256591797,60989900,0.0,0.0
2025-06-12,198.47602627663701,199.07419684911244,196.7612432530472,198.5956573486328,43904600,0.0,0.0
2025-06-13,199.12405177447246,199.76210952406473,195.1062792678608,195.85400390625,51447300,0.0,0.0
2025-06-16,196.701426450214,198.08720880439395,195.96366601516638,197.81802368164062,43020700,0.0,0.0
2025-06-17,196.6017124403596,197.78810453675544,194.61775963167673,195.04644775390625,38856200,0.0,0.0
2025-06-18,195.34553910938874,196.97059871241268,194.4781834746436,195.9835968017578,45394700,0.0,0.0
2025-06-20,197.63856158511533,201.08805571006383,196.26274352386682,200.3901824951172,96813500,0.0,0.0
2025-06-23,201.01829760639046,201.68626312768808,198.35639970659372,200.88868713378906,55814300,0.0,0.0
2025-06-24,201.97536755465325,202.8227948624406,199.59261907789957,199.69232177734375,54064000,0.0,0.0
2025-06-25,200.83883469818846,203.05210084338043,200.01135094007643,200.94850158691406,39525700,0.0,0.0
2025-06-26,200.81887060840756,202.0252062612044,198.85486142223453,200.3901824951172,50799100,0.0,0.0
2025-06-27,201.2774955925489,202.60346239871808,199.39323017588663,200.46995544433594,73188600,0.0,0.0
2025-06-30,201.39712965217615,206.7608124915243,198.6554726965608,204.54754638671875,91912800,0.0,0.0
2025-07-01,206.04299395149746,209.55231908550664,205.51460310500556,207.18951416015625,78788900,0.0,0.0
2025-07-02,208.2761972389462,212.69274987948137,207.5085290616707,211.7954864501953,67941800,0.0,0.0
2025-07-03,211.5063683517463,213.9987837940836,211.16740350258758,212.90213012695312,34955800,0.0,0.0
2025-07-07,212.03474730839852,215.57398008038285,208.16652910348648,209.3130340576172,50229000,0.0,0.0
2025-07-08,209.46260228799343,210.78855393169587,207.8175989494771,209.37286376953125,42848900,0.0,0.0
2025-07-09,208.8943192909964,210.6888614301138,206.59132988433592,210.4994354248047,48749400,0.0,0.0
2025-07-10,209.87133445003573,212.83232507172787,209.39279496736208,211.7655792236328,44443600,0.0,0.0
2025-07-11,209.93115706069412,211.48642172848318,209.22330444266433,210.5193634033203,39765800,0.0,0.0
2025-07-14,209.29309904361602,210.27013683517245,206.91035052542594,207.98707580566406,38840100,0.0,0.0
2025-07-15,208.5852680860029,211.2471659954246,208.2861751856472,208.47560119628906,42296300,0.0,0.0
2025-07-16,209.66198981724762,211.7556096589697,208.0070223143888,209.5224151611328,47490500,0.0,0.0
2025-07-17,209.93116216460888,211.15742622671814,208.95412441878605,209.38282775878906,48068100,0.0,0.0
2025-07-18,210.23024956462245,211.1474566075158,209.06380098140497,210.539306640625,48974600,0.0,0.0
2025-07-21,211.45652088357517,215.12534891613055,210.98794558852114,211.83535766601562,51377400,0.0,0.0
2025-07-22,212.49337032996837,214.29787667610697,211.5861274580158,213.74954223632812,46404100,0.0,0.0
2025-07-23,214.3477325289176,214.49727137359017,211.76559372759175,213.50030517578125,46989300,0.0,0.0
2025-07-24,213.25104009789538,215.0356179140754,212.88216751340357,213.11146545410156,46022600,0.0,0.0
2025-07-25,214.04862920984866,214.58699944946258,212.7525701732737,213.2311248779297,40268800,0.0,0.0
2025-07-28,213.38067592321022,214.1981955143971,212.41361748607306,213.40061950683594,37858000,0.0,0.0
2025-07-29,213.53020352524888,214.1582970701604,210.18041185237743,210.62904357910156,51411700,0.0,0.0
2025-07-30,211.25711581327238,211.74563469104578,207.0898047125579,208.415771484375,45512500,0.0,0.0
2025-07-31,207.85748415888986,209.20337937318874,206.5315173151756,206.94027709960938,80698400,0.0,0.0
2025-08-01,210.23025491744008,212.93203997684435,200.88868661623732,201.76602172851562,104434500,0.0,0.0
2025-08-04,203.8895472057539,207.24933356384108,201.06813110178,202.7330780029297,75109300,0.0,0.0
2025-08-05,202.78290655256814,204.71702329589334,201.54667827641916,202.3043670654297,44155100,0.0,0.0
2025-08-06,205.00616501036765,214.72658548105818,204.96627784328447,212.60304260253906,108483100,0.0,0.0
2025-08-07,218.2159523061407,220.1799768073744,215.92292715514498,219.36245727539062,90224800,0.0,0.0
2025-08-08,220.16003429974123,230.29917810781973,218.58482597462978,228.65419006347656,113854000,0.0,0.0
2025-08-11,227.48640043221798,229.12327986736793,224.3324083989562,226.747802734375,61806100,0.26,0.0
2025-08-12,227.57622481823222,230.36092560837628,226.63802588155738,229.21310424804688,55626200,0.0,0.0
2025-08-13,230.6304284784954,234.55294488479396,229.99163136972763,232.88612365722656,69878500,0.0,0.0
2025-08-14,233.6147219132583,234.67270293292236,230.41083714463488,232.337158203125,51916300,0.0,0.0
2025-08-15,233.5548328767578,233.834298979768,228.9036945156081,231.1494140625,56038700,0.0,0.0
2025-08-18,231.25921652669462,232.67651332576617,229.672244959047,230.4507598876953,37476200,0.0,0.0
2025-08-19,230.84001516813981,232.42698672077375,228.9136940815642,230.1213836669922,39402600,0.0,0.0
2025-08-20,229.54248102593337,230.0315543310328,225.3404986724704,225.5800323486328,42263900,0.0,0.0
2025-08-21,225.83955683035407,226.08908123987146,223.35428822884654,224.47215270996094,30621200,0.0,0.0
2025-08-22,225.73973438952316,228.65417758009713,224.98118568943215,227.3267059326172,42477800,0.0,0.0
2025-08-25,226.04912998143794,228.86377239669042,225.79960559269966,226.72784423828125,30983100,0.0,0.0
2025-08-26,226.43840339540802,229.0534295301293,224.26255788237486,228.87376403808594,54575100,0.0,0.0
2025-08-27,228.17510050695543,230.46073738560713,227.82576024347395,230.05152893066406,31259500,0.0,0.0
2025-08-28,230.3809040856524,232.9659733126178,228.90370861616245,232.11758422851562,38074700,0.0,0.0
2025-08-29,232.0676707602769,232.9360260407387,230.92984008944924,231.69837951660156,39418400,0.0,0.0
2025-09-02,228.81388239599917,230.4108447009183,226.53822101083426,229.28298950195312,44075600,0.0,0.0
2025-09-03,236.75874463665696,238.395624134605,233.9141603097862,238.01634216308594,66427800,0.0,0.0
2025-09-04,237.99636566705198,239.44360411673358,236.28962732845326,239.32383728027344,47549400,0.0,0.0
2025-09-05,239.54341659874092,240.86091270031892,238.03629475202086,239.2340087890625,54870400,0.0,0.0
2025-09-08,238.84475646782593,239.69313028194867,235.89038089866295,237.42745971679688,48999500,0.0,0.0
2025-09-09,236.54912730927947,238.3257397896772,232.9160527142261,233.9041748046875,66313900,0.0,0.0
2025-09-10,231.7482872752143,231.97784546194652,225.52015268533836,226.35855102539062,83440800,0.0,0.0
2025-09-11,226.44839058875493,230.01159113632517,226.21881717306923,229.59239196777344,50208600,0.0,0.0
2025-09-12,228.78393068206054,234.06386022938602,228.58431421011397,233.6247100830078,55824200,0.0,0.0
2025-09-15,236.54912714503797,237.7368657054393,234.58287368836292,236.24969482421875,42699500,0.0,0.0
2025-09-16,236.72878926810645,240.76111223381088,235.87043992435724,237.6969451904297,63421100,0.0,0.0
2025-09-17,238.5153883976145,239.6432435766681,237.27774187166392,238.5353546142578,46508000,0.0,0.0
2025-09-18,239.5134800259323,240.74113579799257,236.199788714976,237.42745971679688,44249600,0.0,0.0
2025-09-19,240.77107799962133,245.83144010441063,239.7530294205925,245.032958984375,163741300,0.0,0.0
2025-09-22,247.82763635806887,256.15178189089505,247.64797087114997,255.5928192138672,105517400,0.0,0.0
2025-09-23,255.39322235208516,256.8504363399061,253.0975947938589,253.9459686279297,60275200,0.0,0.0
2025-09-24,254.73446948849343,255.2534845023776,250.56241362070242,251.8300018310547,42303700,0.0,0.0
2025-09-25,252.72829161839874,256.6807646844572,251.2311452680336,256.3813171386719,55202100,0.0,0.0
2025-09-26,253.61660096533106,257.10994249251326,253.2972024297037,254.97401428222656,46076300,0.0,0.0
2025-09-29,254.0757261912774,254.5148915782133,252.52867184357527,253.9459686279297,40127700,0.0,0.0
2025-09-30,254.37515755125318,255.4331385813304,252.6284867333586,254.14559936523438,37704300,0.0,0.0
2025-10-01,254.55481135314994,258.29769267334166,254.44502000530687,254.9640350341797,48713900,0.0,0.0
2025-10-02,256.09186667190835,257.68882891050583,253.66649683440303,256.6408386230469,42630200,0.0,0.0
2025-10-03,254.18552630266564,258.7468246365968,253.46689477740222,257.5291442871094,49155600,0.0,0.0
2025-10-06,257.49917477533796,258.57713717661323,254.56478079871025,256.20166015625,44664100,0.0,0.0
2025-10-07,256.32145476920215,256.9103287268919,254.94407514023973,255.99209594726562,31955800,0.0,0.0
2025-10-08,256.03201279963565,258.0282082133661,255.62278908467795,257.569091796875,36496900,0.0,0.0
2025-10-09,257.3195337882977,257.50917476461467,252.65841993311406,253.55670166015625,38322000,0.0,0.0
2025-10-10,254.45500785015722,255.8922708493858,243.53581752909898,244.80340576171875,61999100,0.0,0.0
2025-10-13,248.90558714178317,249.2149949644775,245.09284695690994,247.18885803222656,38142900,0.0,0.0
2025-10-14,246.13087266264282,248.37659224814226,244.23447809703134,247.29864501953125,35478000,0.0,0.0
2025-10-15,249.01538540478128,251.3409547309234,246.99922390992754,248.86566162109375,33893600,0.0,0.0
2025-10-16,247.77774448085987,248.56623493239263,244.66368465033412,246.97926330566406,39777000,0.0,0.0
2025-10-17,247.5481624372989,252.89796599708643,246.79958926324147,251.81002807617188,49147000,0.0,0.0
2025-10-20,255.4032084113237,263.87706298772724,255.14370850365398,261.7411193847656,90483000,0.0,0.0
2025-10-21,261.3817895915523,264.7853058703715,261.3318664386604,262.27008056640625,46695900,0.0,0.0
2025-10-22,262.15033525743416,262.349966966352,254.94406918261987,257.9583435058594,45015300,0.0,0.0
2025-10-23,259.4454820834593,260.12418111371363,257.51916110368444,259.0861511230469,32754900,0.0,0.0
2025-10-24,260.69313376057823,263.62754335723145,258.68694768993146,262.3200378417969,38253700,0.0,0.0
2025-10-27,264.37609822840903,268.60802232244004,264.1465248140549,268.2986145019531,44888200,0.0,0.0
2025-10-28,268.4782600095115,269.3765722048576,267.63986169210665,268.4882507324219,41534800,0.0,0.0
2025-10-29,268.76770579477784,270.8936584399069,266.6018207191691,269.1869201660156,51086700,0.0,0.0
2025-10-30,271.4725408872279,273.6184749716116,267.969239224885,270.8836669921875,69886500,0.0,0.0
2025-10-31,276.4630533049319,276.79244258078194,268.647962249571,269.85565185546875,86167100,0.0,0.0
2025-11-03,269.90556627002525,270.33474092754267,265.74348587775046,268.53814697265625,50194600,0.0,0.0
2025-11-04,267.8195068636227,270.9734988318123,267.11086611942017,269.5262756347656,49274800,0.0,0.0
2025-11-05,268.0989800730272,271.18312844251227,266.4221834255846,269.6260986328125,43683100,0.0,0.0
2025-11-06,267.38037702601645,272.8798740142925,267.38037702601645,269.25677490234375,51204000,0.0,0.0
2025-11-07,269.28671541495146,271.7719991063764,266.26248096015127,267.9592590332031,48227400,0.0,0.0
2025-11-10,268.7085692371889,273.4741297822401,267.20997142836535,269.1781311035156,41312400,0.26,0.0
2025-11-11,269.55775905965567,275.65206242273547,269.5477586519058,274.99267578125,46208300,0.0,0.0
2025-11-12,274.74292397164845,275.4722525277038,271.4460210796085,273.21435546875,48398000,0.0,0.0
2025-11-13,273.85374352181776,276.4413491841305,271.83564282199285,272.6948547363281,49602800,0.0,0.0
2025-11-14,270.7965900477885,275.70200347225597,269.3479639093673,272.15533447265625,47431300,0.0,0.0
2025-11-17,268.5687054184609,270.2371271729127,265.48159771217263,267.2099609375,45018300,0.0,0.0
2025-11-18,269.7376065335732,270.4569347049811,265.0719890725528,267.19000244140625,45677300,0.0,0.0
2025-11-19,265.2817633125939,271.9555110777923,265.2517925781922,268.3089294433594,40424500,0.0,0.0
2025-11-20,270.5768036466949,275.17250947675234,265.67142054546326,266.0010986328125,45823600,0.0,0.0
2025-11-21,265.70137680880595,273.0744516711978,265.4216397990326,271.2361755371094,59030800,0.0,0.0
2025-11-24,270.64675212306133,276.7410558404627,270.64675212306133,275.6620788574219,65585800,0.0,0.0
2025-11-25,275.012667049666,280.1179060838009,274.9926967216935,276.7110900878906,46914200,0.0,0.0
2025-11-26,276.70108254872224,279.26868736786383,276.3714044558947,277.29052734375,33431400,0.0,0.0
2025-11-28,277.0008150112318,278.73917862681736,275.73198274965245,278.5893249511719,20135600,0.0,0.0
2025-12-01,277.75011957449965,283.1550658399818,275.88187257202503,282.8353576660156,46587700,0.0,0.0
2025-12-02,282.7354345985028,287.1313151163589,282.36578537497866,285.9224548339844,53669500,0.0,0.0
2025-12-03,285.9324708384744,288.35019153510143,283.0351573834178,283.8843688964844,43538700,0.0,0.0
2025-12-04,283.83440686502166,284.46382276925783,278.32954829392816,280.4375915527344,43989100,0.0,0.0
2025-12-05,280.27774306596746,280.8771882481053,277.79005013345267,278.5193786621094,47265800,0.0,0.0
2025-12-08,277.86998437615557,279.4085531850005,275.8918244790692,277.6302185058594,38211800,0.0,0.0
2025-12-09,277.8999627322321,279.7682096639769,276.6611317163261,276.9208679199219,32193300,0.0,0.0
2025-12-10,277.490342786908,279.48847306800184,276.1815698919154,278.5193786621094,33038300,0.0,0.0
2025-12-11,278.83908758708685,279.3286197507982,273.5540244422053,277.77008056640625,33248000,0.0,0.0
2025-12-12,277.64021728323,278.9589906850317,276.5612402656973,278.0198669433594,39532900,0.0,0.0
2025-12-15,279.8880911943856,279.8880911943856,272.5849275039148,273.8537292480469,50409100,0.0,0.0
2025-12-16,272.5649667835892,275.2424541197232,271.53593087885605,274.353271484375,37648600,0.0,0.0
2025-12-17,274.75292651919426,275.90184538512057,271.38608172110213,271.58587646484375,50138700,0.0,0.0
2025-12-18,273.35420232069225,273.374203136776,266.7004552212896,271.935546875,51630700,0.0,0.0
2025-12-19,271.8955859651445,274.34330788170604,269.64768928264715,273.4141845703125,144632000,0.0,0.0
2025-12-22,272.6048920133635,273.62395794129594,270.25711338978425,270.7166748046875,36571800,0.0,0.0
2025-12-23,270.5868091030317,272.2452609569047,269.30800689497966,272.1053771972656,29642000,0.0,0.0
2025-12-24,272.085389177814,275.17249671786806,271.9455359163183,273.55401611328125,17910600,0.0,0.0
2025-12-26,273.9037084592662,275.1125687682936,272.6049054553,273.1444091796875,21521800,0.0,0.0
2025-12-29,272.4350823114352,274.10350406329195,272.0954038139857,273.50408935546875,23715200,0.0,0.0
2025-12-30,272.5549704076282,273.82377221524894,272.02546707967076,272.82470703125,22139600,0.0,0.0
2025-12-31,272.80472532736104,273.42414083736213,271.49595243002375,271.6058349609375,27293600,0.0,0.0
2026-01-02,272.0054842546519,277.58025431004916,268.7485221479618,270.75665283203125,37838100,0.0,0.0
2026-01-05,270.38700744645297,271.25618925068443,265.89121426121545,267.0101623535156,45647200,0.0,0.0
2026-01-06,266.7503924619391,267.2998660934885,261.8749496989937,262.1147155761719,52352100,0.0,0.0
2026-01-07,262.95395138764474,263.4334831315393,259.56710600115036,260.08660888671875,48309800,0.0,0.0
2026-01-08,256.7797203952787,259.0476178563403,255.46096229095477,258.7978515625,50419300,0.0,0.0
2026-01-09,258.8377955175017,259.9667440583015,255.98048371428257,259.1275329589844,39997000,0.0,0.0
2026-01-12,258.9177364764393,261.05572011368304,256.5599267903311,260.0067138671875,45263800,0.0,0.0
2026-01-13,258.4781303943212,261.56523797230057,258.148452318208,260.8059387207031,45730800,0.0,0.0
2026-01-14,259.247418118488,261.57525710051715,256.4700180914029,259.71697998046875,40019400,0.0,0.0
2026-01-15,260.40631875644857,260.7959687899761,256.8096782083212,257.9685974121094,39388600,0.0,0.0
2026-01-16,257.6589020182799,258.6579671912775,254.69167723491495,255.29112243652344,72142800,0.0,0.0
2026-01-20,252.49373739571587,254.55180921698133,243.19244305608962,246.46937561035156,80267500,0.0,0.0
2026-01-21,248.46750904444812,251.3248360900433,244.9507953165175,247.41848754882812,54641700,0.0,0.0
2026-01-22,248.96703988447874,250.76536025794266,247.9180183962477,248.1178436279297,39708300,0.0,0.0
2026-01-23,247.08880782235642,249.17685039145397,244.45126111041233,247.80812072753906,41689000,0.0,0.0
2026-01-26,251.24490015634893,256.32015295784896,249.5664780183616,255.17123413085938,55969200,0.0,0.0
2026-01-27,258.92771692213245,261.70511669708895,257.96859246831417,258.0285339355469,49648300,0.0,0.0
2026-01-28,257.409147241713,258.61800761819165,254.27208306792676,256.2002868652344,41288000,0.0,0.0
2026-01-29,257.75880668092503,259.4072580677027,254.17216647920577,258.0385437011719,67253000,0.0,0.0
2026-01-30,254.93144331105526,261.6551472598355,251.94423313215475,259.2374267578125,92443400,0.0,0.0
2026-02-02,259.7869174093499,270.2371306501278,258.9676766447768,269.7575988769531,73913400,0.0,0.0
2026-02-03,268.9483513556569,271.6258386480508,267.3598109321867,269.22808837890625,64394700,0.0,0.0
2026-02-04,272.03545112075,278.68922850453845,272.03545112075,276.23150634765625,90545700,0.0,0.0
2026-02-05,277.86999494352693,279.2387093202658,272.97458180817284,275.6520690917969,52977400,0.0,0.0
2026-02-06,276.8609202349588,280.6473855638201,276.67109542368036,277.8599853515625,50453400,0.0,0.0
2026-02-09,277.9100036621094,278.20001220703125,271.70001220703125,274.6199951171875,44623400,0.26,0.0
2026-02-10,274.8900146484375,275.3699951171875,272.94000244140625,273.67999267578125,34376900,0.0,0.0
2026-02-11,274.70001220703125,280.17999267578125,274.45001220703125,275.5,51931300,0.0,0.0
2026-02-12,275.5899963378906,275.7200012207031,260.17999267578125,261.7300109863281,81077200,0.0,0.0
2026-02-13,262.010009765625,262.2300109863281,255.4499969482422,255.77999877929688,56290700,0.0,0.0
2026-02-17,258.04998779296875,266.2900085449219,255.5399932861328,263.8800048828125,58469100,0.0,0.0
2026-02-18,263.6000061035156,266.82000732421875,262.45001220703125,264.3500061035156,34203300,0.0,0.0
2026-02-19,262.6000061035156,264.4800109863281,260.04998779296875,260.5799865722656,30845300,0.0,0.0
2026-02-20,258.9700012207031,264.75,258.1600036621094,264.5799865722656,42070500,0.0,0.0
2026-02-23,263.489990234375,269.42999267578125,263.3800048828125,266.17999267578125,37308200,0.0,0.0
2026-02-24,267.8599853515625,274.8900146484375,267.7099914550781,272.1400146484375,47014600,0.0,0.0
2026-02-25,271.7799987792969,274.94000244140625,271.04998779296875,274.2300109863281,33714300,0.0,0.0
2026-02-26,274.95001220703125,276.1099853515625,270.79998779296875,272.95001220703125,32345100,0.0,0.0
2026-02-27,272.80999755859375,272.80999755859375,262.8900146484375,264.17999267578125,72366500,0.0,0.0
2026-03-02,262.4100036621094,266.5299987792969,260.20001220703125,264.7200012207031,41827900,0.0,0.0
2026-03-03,263.4800109863281,265.55999755859375,260.1300048828125,263.75,38568900,0.0,0.0
2026-03-04,264.6499938964844,266.1499938964844,261.4200134277344,262.5199890136719,39803100,0.0,0.0
2026-03-05,260.7900085449219,261.55999755859375,257.25,260.2900085449219,49658600,0.0,0.0
2026-03-06,258.6300048828125,258.7699890136719,254.3699951171875,257.4599914550781,41120000,0.0,0.0
2026-03-09,255.69000244140625,261.1499938964844,253.67999267578125,259.8800048828125,38218500,0.0,0.0
2026-03-10,257.6499938964844,262.4800109863281,256.95001220703125,260.8299865722656,30590800,0.0,0.0
2026-03-11,261.0899963378906,262.1300048828125,259.54998779296875,260.80999755859375,26218900,0.0,0.0
2026-03-12,258.6600036621094,258.95001220703125,254.17999267578125,255.75999450683594,40794000,0.0,0.0
2026-03-13,255.47999572753906,256.3299865722656,249.52000427246094,250.1199951171875,36930000,0.0,0.0
2026-03-16,252.11000061035156,253.88999938964844,249.8800048828125,252.82000732421875,32074200,0.0,0.0
2026-03-17,252.9600067138672,255.1300048828125,252.17999267578125,254.22999572753906,32361600,0.0,0.0
2026-03-18,252.6300048828125,254.94000244140625,249.0,249.94000244140625,35757900,0.0,0.0
2026-03-19,249.39999389648438,251.8300018310547,247.3000030517578,248.9600067138672,34864100,0.0,0.0
2026-03-20,247.97999572753906,249.1999969482422,246.0,247.99000549316406,88331100,0.0,0.0
2026-03-23,253.97000122070312,254.60000610351562,250.27999877929688,251.49000549316406,40546100,0.0,0.0
2026-03-24,250.35000610351562,254.8300018310547,249.5500030517578,251.63999938964844,45152300,0.0,0.0
2026-03-25,254.10000610351562,255.0,251.60000610351562,252.6199951171875,28476700,0.0,0.0
2026-03-26,252.1199951171875,257.0,250.77000427246094,252.88999938964844,41796700,0.0,0.0
2026-03-27,253.89999389648438,255.49000549316406,248.07000732421875,248.8000030517578,47900000,0.0,0.0
2026-03-30,250.07000732421875,250.8699951171875,245.50999450683594,246.6300048828125,39446200,0.0,0.0
2026-03-31,247.91000366210938,255.47999572753906,247.10000610351562,253.7899932861328,49598100,0.0,0.0
2026-04-01,254.0800018310547,256.17999267578125,253.3300018310547,255.6300048828125,40059400,0.0,0.0
2026-04-02,254.1999969482422,256.1300048828125,250.64999389648438,255.9199981689453,31289400,0.0,0.0
2026-04-06,256.510009765625,262.1600036621094,256.4599914550781,258.8599853515625,29329900,0.0,0.0
2026-04-07,256.1600036621094,256.20001220703125,245.6999969482422,253.5,62148000,0.0,0.0
2026-04-08,258.45001220703125,259.75,256.5299987792969,258.8999938964844,41032800,0.0,0.0
2026-04-09,259.0,261.1199951171875,256.07000732421875,260.489990234375,28121600,0.0,0.0
2026-04-10,259.9800109863281,262.19000244140625,259.0199890136719,260.4800109863281,31291500,0.0,0.0
2026-04-13,259.7300109863281,260.17999267578125,256.6600036621094,259.20001220703125,36234700,0.0,0.0
2026-04-14,259.25,261.92999267578125,257.19000244140625,258.8299865722656,48370700,0.0,0.0
2026-04-15,258.1600036621094,266.55999755859375,257.80999755859375,266.42999267578125,49913500,0.0,0.0
2026-04-16,266.79998779296875,267.1600036621094,261.2699890136719,263.3999938964844,43323100,0.0,0.0
2026-04-17,266.9599914550781,272.29998779296875,266.7200012207031,270.2300109863281,61436200,0.0,0.0
2026-04-20,270.3299865722656,274.2799987792969,270.2900085449219,273.04998779296875,36590200,0.0,0.0
2026-04-21,271.5,272.79998779296875,265.3999938964844,266.1700134277344,50209800,0.0,0.0
2026-04-22,267.82000732421875,273.739990234375,266.8699951171875,273.1700134277344,43249200,0.0,0.0
2026-04-23,275.04998779296875,275.7699890136719,271.6499938964844,273.42999267578125,33399600,0.0,0.0
2026-04-24,272.760009765625,273.05999755859375,269.6499938964844,271.05999755859375,38157100,0.0,0.0
2026-04-27,266.0899963378906,268.3599853515625,265.07000732421875,267.6099853515625,41466800,0.0,0.0
2026-04-28,272.3399963378906,273.2300109863281,268.6600036621094,270.7099914550781,40018900,0.0,0.0
2026-04-29,267.54998779296875,271.0400085449219,267.0400085449219,270.1700134277344,30047900,0.0,0.0
2026-04-30,270.5,276.0,268.1400146484375,271.3500061035156,91848200,0.0,0.0
2026-05-01,278.8599853515625,287.2200012207031,278.3699951171875,280.1400146484375,79844600,0.0,0.0
